"","HiRise_Scaffold","Input","StartBaseInput","EndBaseInput","Strand","StartBaseHiRise","EndBaseHiRise","chicStatus_vec","scaffold_name","status2"
"1","ScimKQY_1;HRSCAF=1","ch3000_000176F_ScXIYn4_116",0,4998938,"+",0,4998938,"unbroken","ScimKQY_1","joined_unbroken_only"
"2","ScimKQY_1;HRSCAF=1","ch2153_000300F_ScXIYn4_706",0,628428,"+",4999038,5627466,"unbroken","ScimKQY_1","joined_unbroken_only"
"3","ScimKQY_1;HRSCAF=1","ch388_000307F_ScXIYn4_407",0,379147,"+",5627566,6006713,"unbroken","ScimKQY_1","joined_unbroken_only"
"4","ScimKQY_1;HRSCAF=1","ch3034_000084F_ScXIYn4_768",0,28559618,"-",6006813,34566431,"unbroken","ScimKQY_1","joined_unbroken_only"
"5","ScimKQY_1;HRSCAF=1","ch3027_000306F_ScXIYn4_604",0,134149,"+",34566531,34700680,"unbroken","ScimKQY_1","joined_unbroken_only"
"6","ScimKQY_1;HRSCAF=1","ch3112_000311F_ScXIYn4_633",0,347201,"-",34700780,35047981,"unbroken","ScimKQY_1","joined_unbroken_only"
"7","ScimKQY_1;HRSCAF=1","ch3026_000306F_ScXIYn4_249",0,1147608,"-",35048081,36195689,"unbroken","ScimKQY_1","joined_unbroken_only"
"8","ScimKQY_1;HRSCAF=1","ch486_000403F_ScXIYn4_436",0,129262,"+",36195789,36325051,"unbroken","ScimKQY_1","joined_unbroken_only"
"9","ScimKQY_1;HRSCAF=1","ch3073_000041F_ScXIYn4_718",0,48254709,"+",36325151,84579860,"unbroken","ScimKQY_1","joined_unbroken_only"
"10","ScimKQY_2;HRSCAF=3","ch3002_000484F_ScXIYn4_128",0,81192,"+",0,81192,"unbroken","ScimKQY_2","single_unbroken"
"11","ScimKQY_3;HRSCAF=5","ch3004_000118F_ScXIYn4_131",0,7443361,"+",0,7443361,"unbroken","ScimKQY_3","single_unbroken"
"12","ScimKQY_4;HRSCAF=6","ch3005_000569F_ScXIYn4_131",0,61218,"+",0,61218,"unbroken","ScimKQY_4","single_unbroken"
"13","ScimKQY_5;HRSCAF=10","ch3009_000301F_ScXIYn4_153",0,144889,"+",0,144889,"unbroken","ScimKQY_5","single_unbroken"
"14","ScimKQY_6;HRSCAF=12","ch3011_000348F_ScXIYn4_285",0,110596,"+",0,110596,"unbroken","ScimKQY_6","joined_unbroken_only"
"15","ScimKQY_6;HRSCAF=12","ch3010_000153F_ScXIYn4_154",0,280391,"+",110696,391087,"unbroken","ScimKQY_6","joined_unbroken_only"
"16","ScimKQY_7;HRSCAF=16","ch3015_000582F_ScXIYn4_192",0,60284,"+",0,60284,"unbroken","ScimKQY_7","single_unbroken"
"17","ScimKQY_8;HRSCAF=19","ch3018_000818F_ScXIYn4_193",0,37760,"+",0,37760,"unbroken","ScimKQY_8","single_unbroken"
"18","ScimKQY_9;HRSCAF=26","ch3025_000471F_ScXIYn4_243",0,325639,"+",0,325639,"unbroken","ScimKQY_9","single_unbroken"
"19","ScimKQY_10;HRSCAF=30","ch3029_000736F_ScXIYn4_282",0,42838,"+",0,42838,"unbroken","ScimKQY_10","single_unbroken"
"20","ScimKQY_11;HRSCAF=32","ch3031_000001F_ScXIYn4_686",0,48855932,"+",0,48855932,"unbroken","ScimKQY_11","joined_unbroken_only"
"21","ScimKQY_11;HRSCAF=32","ch3030_000005F_ScXIYn4_282",0,42475248,"-",48856932,91332180,"unbroken","ScimKQY_11","joined_unbroken_only"
"22","ScimKQY_11;HRSCAF=32","ch271_000207F_ScXIYn4_525",0,2126173,"+",91332280,93458453,"unbroken","ScimKQY_11","joined_unbroken_only"
"23","ScimKQY_11;HRSCAF=32","ch117_000085F_ScXIYn4_588",0,11137795,"+",93459453,104597248,"unbroken","ScimKQY_11","joined_unbroken_only"
"24","ScimKQY_11;HRSCAF=32","ch3059_000303F_ScXIYn4_439",0,1785515,"-",104598248,106383763,"unbroken","ScimKQY_11","joined_unbroken_only"
"25","ScimKQY_12;HRSCAF=34","ch3033_000756F_ScXIYn4_30",0,41878,"+",0,41878,"unbroken","ScimKQY_12","single_unbroken"
"26","ScimKQY_13;HRSCAF=38","ch3037_000507F_ScXIYn4_305",0,74694,"+",0,74694,"unbroken","ScimKQY_13","single_unbroken"
"27","ScimKQY_14;HRSCAF=43","ch3042_000568F_ScXIYn4_662",0,61131,"+",0,61131,"unbroken","ScimKQY_14","single_unbroken"
"28","ScimKQY_15;HRSCAF=45","ch3044_000788F_ScXIYn4_335",0,221188,"+",0,221188,"unbroken","ScimKQY_15","single_unbroken"
"29","ScimKQY_16;HRSCAF=49","ch3048_000673F_ScXIYn4_601",0,47707,"+",0,47707,"unbroken","ScimKQY_16","single_unbroken"
"30","ScimKQY_17;HRSCAF=50","ch3049_000352F_ScXIYn4_381",0,79435,"+",0,79435,"unbroken","ScimKQY_17","single_unbroken"
"31","ScimKQY_18;HRSCAF=51","ch3050_000181F_ScXIYn4_398",0,319651,"+",0,319651,"unbroken","ScimKQY_18","joined_unbroken_only"
"32","ScimKQY_18;HRSCAF=51","ch3051_000181F_ScXIYn4_617",0,1484009,"+",319751,1803760,"unbroken","ScimKQY_18","joined_unbroken_only"
"33","ScimKQY_18;HRSCAF=51","ch3052_000181F_ScXIYn4_616",0,1235657,"+",1803860,3039517,"unbroken","ScimKQY_18","joined_unbroken_only"
"34","ScimKQY_18;HRSCAF=51","ch479_000394F_ScXIYn4_681",0,140630,"-",3039617,3180247,"unbroken","ScimKQY_18","joined_unbroken_only"
"35","ScimKQY_18;HRSCAF=51","ch3039_000325F_ScXIYn4_319",0,300753,"-",3180347,3481100,"unbroken","ScimKQY_18","joined_unbroken_only"
"36","ScimKQY_18;HRSCAF=51","ch475_000390F_ScXIYn4_293",0,146438,"+",3481200,3627638,"unbroken","ScimKQY_18","joined_unbroken_only"
"37","ScimKQY_18;HRSCAF=51","ch2035_000501F_ScXIYn4_279",0,116157,"-",3627738,3743895,"unbroken","ScimKQY_18","joined_unbroken_only"
"38","ScimKQY_18;HRSCAF=51","ch3040_000517F_ScXIYn4_609",0,72960,"+",3743995,3816955,"unbroken","ScimKQY_18","joined_unbroken_only"
"39","ScimKQY_18;HRSCAF=51","ch678_000613F_ScXIYn4_756",0,56566,"-",3817055,3873621,"unbroken","ScimKQY_18","joined_unbroken_only"
"40","ScimKQY_18;HRSCAF=51","ch2033_000436F_ScXIYn4_252",0,1297202,"-",3873721,5170923,"unbroken","ScimKQY_18","joined_unbroken_only"
"41","ScimKQY_18;HRSCAF=51","ch3046_000213F_ScXIYn4_354",0,2102991,"+",5171023,7274014,"unbroken","ScimKQY_18","joined_unbroken_only"
"42","ScimKQY_18;HRSCAF=51","ch3098_000114F_ScXIYn4_610",0,263145,"-",7274114,7537259,"unbroken","ScimKQY_18","joined_unbroken_only"
"43","ScimKQY_18;HRSCAF=51","ch2072_001068F_ScXIYn4_478",0,1755679,"+",7537359,9293038,"unbroken","ScimKQY_18","joined_unbroken_only"
"44","ScimKQY_18;HRSCAF=51","ch3088_000268F_ScXIYn4_71",0,586954,"+",9293138,9880092,"unbroken","ScimKQY_18","joined_unbroken_only"
"45","ScimKQY_18;HRSCAF=51","ch3089_000268F_ScXIYn4_592",0,394109,"+",9880192,10274301,"unbroken","ScimKQY_18","joined_unbroken_only"
"46","ScimKQY_18;HRSCAF=51","ch2086_000158F_ScXIYn4_533",0,6320883,"-",10274401,16595284,"unbroken","ScimKQY_18","joined_unbroken_only"
"47","ScimKQY_18;HRSCAF=51","ch3043_000114F_ScXIYn4_331",0,544999,"+",16595384,17140383,"unbroken","ScimKQY_18","joined_unbroken_only"
"48","ScimKQY_18;HRSCAF=51","ch3099_000114F_ScXIYn4_612",0,1216914,"+",17140483,18357397,"unbroken","ScimKQY_18","joined_unbroken_only"
"49","ScimKQY_18;HRSCAF=51","ch3100_000114F_ScXIYn4_752",0,5998404,"+",18357497,24355901,"unbroken","ScimKQY_18","joined_unbroken_only"
"50","ScimKQY_18;HRSCAF=51","ch2167_000273F_ScXIYn4_727",0,3622391,"+",24356001,27978392,"unbroken","ScimKQY_18","joined_unbroken_only"
"51","ScimKQY_18;HRSCAF=51","ch2031_000108F_ScXIYn4_230",0,8227558,"+",27978492,36206050,"unbroken","ScimKQY_18","joined_unbroken_only"
"52","ScimKQY_18;HRSCAF=51","ch3129_000169F_ScXIYn4_693",0,3188716,"-",36206150,39394866,"unbroken","ScimKQY_18","joined_unbroken_only"
"53","ScimKQY_18;HRSCAF=51","ch3068_000169F_ScXIYn4_493",0,734644,"-",39394966,40129610,"unbroken","ScimKQY_18","joined_unbroken_only"
"54","ScimKQY_18;HRSCAF=51","ch2056_000193F_ScXIYn4_395",0,10748044,"+",40129710,50877754,"unbroken","ScimKQY_18","joined_unbroken_only"
"55","ScimKQY_18;HRSCAF=51","ch3094_000198F_ScXIYn4_703",0,1522417,"-",50877854,52400271,"unbroken","ScimKQY_18","joined_unbroken_only"
"56","ScimKQY_18;HRSCAF=51","ch3093_000662F_ScXIYn4_6",0,946780,"+",52400371,53347151,"unbroken","ScimKQY_18","joined_unbroken_only"
"57","ScimKQY_18;HRSCAF=51","ch3076_000241F_ScXIYn4_518",0,1383267,"+",53347251,54730518,"unbroken","ScimKQY_18","joined_unbroken_only"
"58","ScimKQY_18;HRSCAF=51","ch3146_000295F_ScXIYn4_764",0,672095,"-",54730618,55402713,"unbroken","ScimKQY_18","joined_unbroken_only"
"59","ScimKQY_18;HRSCAF=51","ch3110_000540F_ScXIYn4_628",0,122180,"+",55402813,55524993,"unbroken","ScimKQY_18","joined_unbroken_only"
"60","ScimKQY_18;HRSCAF=51","ch2044_000079F_ScXIYn4_302",0,14719460,"-",55525093,70244553,"unbroken","ScimKQY_18","joined_unbroken_only"
"61","ScimKQY_18;HRSCAF=51","ch3032_000246F_ScXIYn4_692",0,9811324,"-",70244653,80055977,"unbroken","ScimKQY_18","joined_unbroken_only"
"62","ScimKQY_18;HRSCAF=51","ch2069_001120F_ScXIYn4_451",0,5776336,"+",80056077,85832413,"unbroken","ScimKQY_18","joined_unbroken_only"
"63","ScimKQY_18;HRSCAF=51","ch313_000247F_ScXIYn4_724",0,1390985,"+",85832513,87223498,"unbroken","ScimKQY_18","joined_unbroken_only"
"64","ScimKQY_18;HRSCAF=51","ch2164_000177F_ScXIYn4_723",0,3360831,"+",87223598,90584429,"unbroken","ScimKQY_18","joined_unbroken_only"
"65","ScimKQY_18;HRSCAF=51","ch3136_000196F_ScXIYn4_722",0,309839,"-",90584529,90894368,"unbroken","ScimKQY_18","joined_unbroken_only"
"66","ScimKQY_18;HRSCAF=51","ch424_000337F_ScXIYn4_721",0,225900,"+",90894468,91120368,"unbroken","ScimKQY_18","joined_unbroken_only"
"67","ScimKQY_18;HRSCAF=51","ch2120_000726F_ScXIYn4_661",0,203936,"+",91120468,91324404,"unbroken","ScimKQY_18","joined_unbroken_only"
"68","ScimKQY_18;HRSCAF=51","ch3006_000196F_ScXIYn4_147",0,2137580,"-",91324504,93462084,"unbroken","ScimKQY_18","joined_unbroken_only"
"69","ScimKQY_18;HRSCAF=51","ch2053_000156F_ScXIYn4_388",0,20743594,"+",93462184,114205778,"unbroken","ScimKQY_18","joined_unbroken_only"
"70","ScimKQY_18;HRSCAF=51","ch3142_000319F_ScXIYn4_751",0,255194,"-",114205878,114461072,"unbroken","ScimKQY_18","joined_unbroken_only"
"71","ScimKQY_18;HRSCAF=51","ch3086_000319F_ScXIYn4_577",0,62937,"-",114461172,114524109,"unbroken","ScimKQY_18","joined_unbroken_only"
"72","ScimKQY_18;HRSCAF=51","ch3035_000155F_ScXIYn4_300",0,4483387,"-",114524209,119007596,"unbroken","ScimKQY_18","joined_unbroken_only"
"73","ScimKQY_18;HRSCAF=51","ch3036_000121F_ScXIYn4_300",0,6834027,"+",119007696,125841723,"unbroken","ScimKQY_18","joined_unbroken_only"
"74","ScimKQY_18;HRSCAF=51","ch3012_000248F_ScXIYn4_157",0,1369449,"+",125841823,127211272,"unbroken","ScimKQY_18","joined_unbroken_only"
"75","ScimKQY_18;HRSCAF=51","ch256_000194F_ScXIYn4_746",0,2471049,"+",127211372,129682421,"unbroken","ScimKQY_18","joined_unbroken_only"
"76","ScimKQY_18;HRSCAF=51","ch253_000190F_ScXIYn4_485",0,2702562,"+",129682521,132385083,"unbroken","ScimKQY_18","joined_unbroken_only"
"77","ScimKQY_18;HRSCAF=51","ch3080_000172F_ScXIYn4_537",0,214782,"+",132385183,132599965,"unbroken","ScimKQY_18","joined_unbroken_only"
"78","ScimKQY_18;HRSCAF=51","ch3111_000172F_ScXIYn4_631",0,3319784,"+",132600065,135919849,"unbroken","ScimKQY_18","joined_unbroken_only"
"79","ScimKQY_18;HRSCAF=51","ch3117_000133F_ScXIYn4_642",0,6246142,"-",135919949,142166091,"unbroken","ScimKQY_18","joined_unbroken_only"
"80","ScimKQY_18;HRSCAF=51","ch439_000351F_ScXIYn4_645",0,203657,"-",142166191,142369848,"unbroken","ScimKQY_18","joined_unbroken_only"
"81","ScimKQY_18;HRSCAF=51","ch357_000280F_ScXIYn4_40",0,788800,"-",142369948,143158748,"unbroken","ScimKQY_18","joined_unbroken_only"
"82","ScimKQY_19;HRSCAF=55","ch3054_000780F_ScXIYn4_620",0,40719,"+",0,40719,"unbroken","ScimKQY_19","single_unbroken"
"83","ScimKQY_20;HRSCAF=56","ch3055_000609F_ScXIYn4_621",0,56300,"+",0,56300,"unbroken","ScimKQY_20","single_unbroken"
"84","ScimKQY_21;HRSCAF=61","ch3060_000776F_ScXIYn4_593",0,41035,"+",0,41035,"unbroken","ScimKQY_21","single_unbroken"
"85","ScimKQY_22;HRSCAF=63","ch3062_000539F_ScXIYn4_441",0,67198,"+",0,67198,"unbroken","ScimKQY_22","single_unbroken"
"86","ScimKQY_23;HRSCAF=66","ch3065_000053F_ScXIYn4_726",0,65847291,"+",0,65847291,"unbroken","ScimKQY_23","joined_unbroken_only"
"87","ScimKQY_23;HRSCAF=66","ch3137_000493F_ScXIYn4_725",0,15257640,"+",65847391,81105031,"unbroken","ScimKQY_23","joined_unbroken_only"
"88","ScimKQY_23;HRSCAF=66","ch404_000320F_ScXIYn4_263",0,327375,"+",81105131,81432506,"unbroken","ScimKQY_23","joined_unbroken_only"
"89","ScimKQY_23;HRSCAF=66","ch2139_000024F_ScXIYn4_684",0,30281175,"+",81432606,111713781,"unbroken","ScimKQY_23","joined_unbroken_only"
"90","ScimKQY_23;HRSCAF=66","ch385_000304F_ScXIYn4_307",0,453952,"-",111713881,112167833,"unbroken","ScimKQY_23","joined_unbroken_only"
"91","ScimKQY_23;HRSCAF=66","ch2078_000222F_ScXIYn4_503",0,3304789,"+",112167933,115472722,"unbroken","ScimKQY_23","joined_unbroken_only"
"92","ScimKQY_23;HRSCAF=66","ch909_000920F_ScXIYn4_730",0,31230,"-",115472822,115504052,"unbroken","ScimKQY_23","joined_unbroken_only"
"93","ScimKQY_23;HRSCAF=66","ch296_000231F_ScXIYn4_350",0,1676812,"+",115504152,117180964,"unbroken","ScimKQY_23","joined_unbroken_only"
"94","ScimKQY_24;HRSCAF=70","ch245_000182F_ScXIYn4_377",0,2975289,"+",0,2975289,"unbroken","ScimKQY_24","joined_unbroken_only"
"95","ScimKQY_24;HRSCAF=70","ch3109_000011F_ScXIYn4_627",0,29921834,"-",2975389,32897223,"unbroken","ScimKQY_24","joined_unbroken_only"
"96","ScimKQY_24;HRSCAF=70","ch3066_000011F_ScXIYn4_482",0,11409300,"+",32897323,44306623,"unbroken","ScimKQY_24","joined_unbroken_only"
"97","ScimKQY_24;HRSCAF=70","ch308_000242F_ScXIYn4_765",0,1379301,"-",44306723,45686024,"unbroken","ScimKQY_24","joined_unbroken_only"
"98","ScimKQY_24;HRSCAF=70","ch3069_000170F_ScXIYn4_497",0,29046142,"+",45687024,74733166,"unbroken","ScimKQY_24","joined_unbroken_only"
"99","ScimKQY_24;HRSCAF=70","ch148_000111F_ScXIYn4_749",0,8184664,"-",74733266,82917930,"unbroken","ScimKQY_24","joined_unbroken_only"
"100","ScimKQY_24;HRSCAF=70","ch3095_000025F_ScXIYn4_602",0,2491137,"-",82918030,85409167,"unbroken","ScimKQY_24","joined_unbroken_only"
"101","ScimKQY_24;HRSCAF=70","ch3087_000110F_ScXIYn4_590",0,31574271,"-",85409267,116983538,"unbroken","ScimKQY_24","joined_unbroken_only"
"102","ScimKQY_24;HRSCAF=70","ch2179_000192F_ScXIYn4_734",0,13980075,"-",116984538,130964613,"unbroken","ScimKQY_24","joined_unbroken_only"
"103","ScimKQY_24;HRSCAF=70","ch2184_000165F_ScXIYn4_735",0,15987745,"-",130964713,146952458,"unbroken","ScimKQY_24","joined_unbroken_only"
"104","ScimKQY_24;HRSCAF=70","ch2141_000423F_ScXIYn4_685",0,160915,"-",146952558,147113473,"unbroken","ScimKQY_24","joined_unbroken_only"
"105","ScimKQY_24;HRSCAF=70","ch2037_000272F_ScXIYn4_280",0,970309,"+",147113573,148083882,"unbroken","ScimKQY_24","joined_unbroken_only"
"106","ScimKQY_24;HRSCAF=70","ch328_000257F_ScXIYn4_429",0,1153297,"+",148084882,149238179,"unbroken","ScimKQY_24","joined_unbroken_only"
"107","ScimKQY_24;HRSCAF=70","ch3079_000180F_ScXIYn4_529",0,4237430,"+",149238279,153475709,"unbroken","ScimKQY_24","joined_unbroken_only"
"108","ScimKQY_24;HRSCAF=70","ch2187_000451F_ScXIYn4_736",0,11680628,"-",153475809,165156437,"unbroken","ScimKQY_24","joined_unbroken_only"
"109","ScimKQY_25;HRSCAF=71","ch3070_000639F_ScXIYn4_497",0,52704,"+",0,52704,"unbroken","ScimKQY_25","single_unbroken"
"110","ScimKQY_26;HRSCAF=72","ch3071_000173F_ScXIYn4_50",0,9063681,"+",0,9063681,"unbroken","ScimKQY_26","joined_unbroken_only"
"111","ScimKQY_26;HRSCAF=72","ch413_000327F_ScXIYn4_227",0,277306,"-",9063781,9341087,"unbroken","ScimKQY_26","joined_unbroken_only"
"112","ScimKQY_26;HRSCAF=72","ch3072_000277F_ScXIYn4_635",0,221039,"+",9341187,9562226,"unbroken","ScimKQY_26","joined_unbroken_only"
"113","ScimKQY_26;HRSCAF=72","ch425_000338F_ScXIYn4_8",0,239975,"-",9562326,9802301,"unbroken","ScimKQY_26","joined_unbroken_only"
"114","ScimKQY_26;HRSCAF=72","ch2111_000042F_ScXIYn4_634",0,31070495,"+",9802401,40872896,"unbroken","ScimKQY_26","joined_unbroken_only"
"115","ScimKQY_26;HRSCAF=72","ch27_000017F_ScXIYn4_68",0,31394354,"+",40872996,72267350,"unbroken","ScimKQY_26","joined_unbroken_only"
"116","ScimKQY_26;HRSCAF=72","ch2118_000226F_ScXIYn4_655",0,31105431,"+",72267450,103372881,"unbroken","ScimKQY_26","joined_unbroken_only"
"117","ScimKQY_26;HRSCAF=72","ch2115_000297F_ScXIYn4_654",0,6762591,"+",103372981,110135572,"unbroken","ScimKQY_26","joined_unbroken_only"
"118","ScimKQY_27;HRSCAF=76","ch3075_000611F_ScXIYn4_511",0,56143,"+",0,56143,"unbroken","ScimKQY_27","joined_both"
"119","ScimKQY_27;HRSCAF=76","ch3074_000051F_ScXIYn4_511",0,18285018,"-",56243,18341261,"unbroken","ScimKQY_27","joined_both"
"120","ScimKQY_27;HRSCAF=76","ch3077_000275F_ScXIYn4_52",0,1058596,"+",18341361,19399957,"unbroken","ScimKQY_27","joined_both"
"121","ScimKQY_27;HRSCAF=76","ch3028_000020F_ScXIYn4_257",0,14309644,"-",19400057,33709701,"broken","ScimKQY_27","joined_both"
"122","ScimKQY_27;HRSCAF=76","ch3045_000453F_ScXIYn4_35",0,128559,"-",33709801,33838360,"unbroken","ScimKQY_27","joined_both"
"123","ScimKQY_27;HRSCAF=76","ch3113_000168F_ScXIYn4_640",0,19515356,"+",33838460,53353816,"unbroken","ScimKQY_27","joined_both"
"124","ScimKQY_27;HRSCAF=76","ch3028_000020F_ScXIYn4_257",14309644,29784039,"+",53354816,68829211,"broken","ScimKQY_27","joined_both"
"125","ScimKQY_28;HRSCAF=82","ch3081_000132F_ScXIYn4_632",0,28696369,"+",0,28696369,"unbroken","ScimKQY_28","joined_both"
"126","ScimKQY_28;HRSCAF=82","ch3147_000518F_ScXIYn4_767",0,34037391,"+",28696469,62733860,"unbroken","ScimKQY_28","joined_both"
"127","ScimKQY_28;HRSCAF=82","ch3103_000286F_ScXIYn4_614",0,12998421,"-",62734860,75733281,"unbroken","ScimKQY_28","joined_both"
"128","ScimKQY_28;HRSCAF=82","ch3122_000124F_ScXIYn4_658",0,6389183,"+",75734281,82123464,"broken","ScimKQY_28","joined_both"
"129","ScimKQY_29;HRSCAF=84","ch3083_000596F_ScXIYn4_568",0,57891,"+",0,57891,"unbroken","ScimKQY_29","single_unbroken"
"130","ScimKQY_30;HRSCAF=86","ch2019_000087F_ScXIYn4_186",0,16461643,"-",0,16461643,"unbroken","ScimKQY_30","joined_unbroken_only"
"131","ScimKQY_30;HRSCAF=86","ch3013_000291F_ScXIYn4_160",0,8879684,"-",16462643,25342327,"unbroken","ScimKQY_30","joined_unbroken_only"
"132","ScimKQY_30;HRSCAF=86","ch3085_000135F_ScXIYn4_571",0,9149546,"+",25342427,34491973,"unbroken","ScimKQY_30","joined_unbroken_only"
"133","ScimKQY_30;HRSCAF=86","ch3133_000059F_ScXIYn4_705",0,3103061,"+",34492073,37595134,"unbroken","ScimKQY_30","joined_unbroken_only"
"134","ScimKQY_30;HRSCAF=86","ch3132_000059F_ScXIYn4_704",0,4498687,"+",37595234,42093921,"unbroken","ScimKQY_30","joined_unbroken_only"
"135","ScimKQY_30;HRSCAF=86","ch2058_000219F_ScXIYn4_403",0,2002367,"-",42094021,44096388,"unbroken","ScimKQY_30","joined_unbroken_only"
"136","ScimKQY_30;HRSCAF=86","ch3017_000315F_ScXIYn4_606",0,166918,"+",44096488,44263406,"unbroken","ScimKQY_30","joined_unbroken_only"
"137","ScimKQY_30;HRSCAF=86","ch452_000363F_ScXIYn4_260",0,178513,"-",44263506,44442019,"unbroken","ScimKQY_30","joined_unbroken_only"
"138","ScimKQY_30;HRSCAF=86","ch455_000367F_ScXIYn4_683",0,172123,"+",44442119,44614242,"unbroken","ScimKQY_30","joined_unbroken_only"
"139","ScimKQY_30;HRSCAF=86","ch3096_000261F_ScXIYn4_607",0,1053708,"-",44614342,45668050,"unbroken","ScimKQY_30","joined_unbroken_only"
"140","ScimKQY_30;HRSCAF=86","ch3016_000687F_ScXIYn4_193",0,235138,"-",45668150,45903288,"unbroken","ScimKQY_30","joined_unbroken_only"
"141","ScimKQY_30;HRSCAF=86","ch2133_000081F_ScXIYn4_670",0,21902166,"+",45903388,67805554,"unbroken","ScimKQY_30","joined_unbroken_only"
"142","ScimKQY_30;HRSCAF=86","ch3041_000149F_ScXIYn4_320",0,4762824,"-",67805654,72568478,"unbroken","ScimKQY_30","joined_unbroken_only"
"143","ScimKQY_30;HRSCAF=86","ch3097_000261F_ScXIYn4_757",0,83184,"-",72568578,72651762,"unbroken","ScimKQY_30","joined_unbroken_only"
"144","ScimKQY_30;HRSCAF=86","ch2080_000075F_ScXIYn4_512",0,43067243,"-",72652762,115720005,"unbroken","ScimKQY_30","joined_unbroken_only"
"145","ScimKQY_30;HRSCAF=86","ch3084_000125F_ScXIYn4_568",0,6465935,"-",115720105,122186040,"unbroken","ScimKQY_30","joined_unbroken_only"
"146","ScimKQY_30;HRSCAF=86","ch2100_000772F_ScXIYn4_580",0,2723703,"-",122186140,124909843,"unbroken","ScimKQY_30","joined_unbroken_only"
"147","ScimKQY_31;HRSCAF=93","ch3092_000301F_ScXIYn4_598",0,348241,"+",0,348241,"unbroken","ScimKQY_31","single_unbroken"
"148","ScimKQY_32;HRSCAF=103","ch3102_000617F_ScXIYn4_712",0,55865,"+",0,55865,"unbroken","ScimKQY_32","single_unbroken"
"149","ScimKQY_33;HRSCAF=105","ch3104_000678F_ScXIYn4_753",0,47057,"+",0,47057,"unbroken","ScimKQY_33","single_unbroken"
"150","ScimKQY_34;HRSCAF=109","ch3108_000592F_ScXIYn4_701",0,57979,"+",0,57979,"unbroken","ScimKQY_34","single_unbroken"
"151","ScimKQY_35;HRSCAF=116","ch3115_000800F_ScXIYn4_76",0,39122,"+",0,39122,"unbroken","ScimKQY_35","single_unbroken"
"152","ScimKQY_36;HRSCAF=117","ch3116_000618F_ScXIYn4_642",0,55902,"+",0,55902,"unbroken","ScimKQY_36","single_unbroken"
"153","ScimKQY_37;HRSCAF=119","ch3118_000841F_ScXIYn4_644",0,35950,"+",0,35950,"unbroken","ScimKQY_37","single_unbroken"
"154","ScimKQY_38;HRSCAF=122","ch3121_000845F_ScXIYn4_658",0,35631,"+",0,35631,"unbroken","ScimKQY_38","single_unbroken"
"155","ScimKQY_39;HRSCAF=124","ch3123_000529F_ScXIYn4_664",0,70643,"+",0,70643,"unbroken","ScimKQY_39","single_unbroken"
"156","ScimKQY_40;HRSCAF=126","ch3125_001107F_ScXIYn4_673",0,21930,"+",0,21930,"unbroken","ScimKQY_40","single_unbroken"
"157","ScimKQY_41;HRSCAF=132","ch3131_000513F_ScXIYn4_699",0,42004,"+",0,42004,"unbroken","ScimKQY_41","single_unbroken"
"158","ScimKQY_42;HRSCAF=135","ch3134_000554F_ScXIYn4_707",0,63319,"+",0,63319,"unbroken","ScimKQY_42","single_unbroken"
"159","ScimKQY_43;HRSCAF=139","ch3138_000651F_ScXIYn4_732",0,51466,"+",0,51466,"unbroken","ScimKQY_43","single_unbroken"
"160","ScimKQY_44;HRSCAF=141","ch3140_000557F_ScXIYn4_741",0,62673,"+",0,62673,"unbroken","ScimKQY_44","single_unbroken"
"161","ScimKQY_45;HRSCAF=145","ch3144_000830F_ScXIYn4_762",0,36802,"+",0,36802,"unbroken","ScimKQY_45","single_unbroken"
"162","ScimKQY_46;HRSCAF=149","ch1000_001055F_ScXIYn4_203",0,24998,"+",0,24998,"unbroken","ScimKQY_46","single_unbroken"
"163","ScimKQY_47;HRSCAF=150","ch1001_001057F_ScXIYn4_10",0,24763,"+",0,24763,"unbroken","ScimKQY_47","single_unbroken"
"164","ScimKQY_48;HRSCAF=151","ch1002_001058F_ScXIYn4_171",0,24687,"+",0,24687,"unbroken","ScimKQY_48","single_unbroken"
"165","ScimKQY_49;HRSCAF=152","ch1004_001061F_ScXIYn4_547",0,28484,"+",0,28484,"unbroken","ScimKQY_49","single_unbroken"
"166","ScimKQY_50;HRSCAF=153","ch1005_001062F_ScXIYn4_506",0,24564,"+",0,24564,"unbroken","ScimKQY_50","single_unbroken"
"167","ScimKQY_51;HRSCAF=154","ch1006_001063F_ScXIYn4_152",0,24421,"+",0,24421,"unbroken","ScimKQY_51","single_unbroken"
"168","ScimKQY_52;HRSCAF=155","ch1007_001064F_ScXIYn4_106",0,24194,"+",0,24194,"unbroken","ScimKQY_52","single_unbroken"
"169","ScimKQY_53;HRSCAF=156","ch1008_001066F_ScXIYn4_284",0,24247,"+",0,24247,"unbroken","ScimKQY_53","single_unbroken"
"170","ScimKQY_54;HRSCAF=158","ch1010_001071F_ScXIYn4_459",0,24043,"+",0,24043,"unbroken","ScimKQY_54","single_unbroken"
"171","ScimKQY_55;HRSCAF=159","ch1011_001072F_ScXIYn4_262",0,24015,"+",0,24015,"unbroken","ScimKQY_55","single_unbroken"
"172","ScimKQY_56;HRSCAF=160","ch1012_001074F_ScXIYn4_242",0,23923,"+",0,23923,"unbroken","ScimKQY_56","single_unbroken"
"173","ScimKQY_57;HRSCAF=161","ch1014_001077F_ScXIYn4_433",0,23668,"+",0,23668,"unbroken","ScimKQY_57","single_unbroken"
"174","ScimKQY_58;HRSCAF=162","ch1015_001078F_ScXIYn4_254",0,23653,"+",0,23653,"unbroken","ScimKQY_58","single_unbroken"
"175","ScimKQY_59;HRSCAF=163","ch1016_001079F_ScXIYn4_387",0,23642,"+",0,23642,"unbroken","ScimKQY_59","single_unbroken"
"176","ScimKQY_60;HRSCAF=164","ch1017_001080F_ScXIYn4_391",0,23637,"+",0,23637,"unbroken","ScimKQY_60","single_unbroken"
"177","ScimKQY_61;HRSCAF=165","ch1018_001081F_ScXIYn4_337",0,23519,"+",0,23519,"unbroken","ScimKQY_61","single_unbroken"
"178","ScimKQY_62;HRSCAF=166","ch1019_001082F_ScXIYn4_342",0,23549,"+",0,23549,"unbroken","ScimKQY_62","single_unbroken"
"179","ScimKQY_63;HRSCAF=167","ch1020_001083F_ScXIYn4_66",0,23653,"+",0,23653,"unbroken","ScimKQY_63","single_unbroken"
"180","ScimKQY_64;HRSCAF=168","ch1021_001084F_ScXIYn4_256",0,23536,"+",0,23536,"unbroken","ScimKQY_64","single_unbroken"
"181","ScimKQY_65;HRSCAF=169","ch1022_001085F_ScXIYn4_426",0,23463,"+",0,23463,"unbroken","ScimKQY_65","single_unbroken"
"182","ScimKQY_66;HRSCAF=170","ch1023_001086F_ScXIYn4_164",0,23427,"+",0,23427,"unbroken","ScimKQY_66","single_unbroken"
"183","ScimKQY_67;HRSCAF=171","ch1024_001087F_ScXIYn4_277",0,23296,"+",0,23296,"unbroken","ScimKQY_67","single_unbroken"
"184","ScimKQY_68;HRSCAF=172","ch1025_001088F_ScXIYn4_281",0,23148,"+",0,23148,"unbroken","ScimKQY_68","single_unbroken"
"185","ScimKQY_69;HRSCAF=173","ch1026_001089F_ScXIYn4_253",0,23127,"+",0,23127,"unbroken","ScimKQY_69","single_unbroken"
"186","ScimKQY_70;HRSCAF=174","ch1027_001090F_ScXIYn4_18",0,22903,"+",0,22903,"unbroken","ScimKQY_70","single_unbroken"
"187","ScimKQY_71;HRSCAF=175","ch1028_001091F_ScXIYn4_176",0,22864,"+",0,22864,"unbroken","ScimKQY_71","single_unbroken"
"188","ScimKQY_72;HRSCAF=176","ch1029_001092F_ScXIYn4_184",0,23002,"+",0,23002,"unbroken","ScimKQY_72","single_unbroken"
"189","ScimKQY_73;HRSCAF=177","ch1030_001093F_ScXIYn4_79",0,22815,"+",0,22815,"unbroken","ScimKQY_73","single_unbroken"
"190","ScimKQY_74;HRSCAF=178","ch1034_001098F_ScXIYn4_443",0,22537,"+",0,22537,"unbroken","ScimKQY_74","single_unbroken"
"191","ScimKQY_75;HRSCAF=179","ch1035_001099F_ScXIYn4_371",0,22530,"+",0,22530,"unbroken","ScimKQY_75","single_unbroken"
"192","ScimKQY_76;HRSCAF=180","ch1036_001100F_ScXIYn4_438",0,22391,"+",0,22391,"unbroken","ScimKQY_76","single_unbroken"
"193","ScimKQY_77;HRSCAF=181","ch1037_001101F_ScXIYn4_421",0,22445,"+",0,22445,"unbroken","ScimKQY_77","single_unbroken"
"194","ScimKQY_78;HRSCAF=182","ch1038_001102F_ScXIYn4_200",0,22325,"+",0,22325,"unbroken","ScimKQY_78","single_unbroken"
"195","ScimKQY_79;HRSCAF=183","ch1039_001103F_ScXIYn4_526",0,22395,"+",0,22395,"unbroken","ScimKQY_79","single_unbroken"
"196","ScimKQY_80;HRSCAF=184","ch2065_000282F_ScXIYn4_44",0,13735879,"-",0,13735879,"unbroken","ScimKQY_80","joined_unbroken_only"
"197","ScimKQY_80;HRSCAF=184","ch103_000076F_ScXIYn4_191",0,13031743,"+",13736879,26768622,"unbroken","ScimKQY_80","joined_unbroken_only"
"198","ScimKQY_80;HRSCAF=184","ch2177_000285F_ScXIYn4_731",0,1237819,"-",26768722,28006541,"unbroken","ScimKQY_80","joined_unbroken_only"
"199","ScimKQY_80;HRSCAF=184","ch2084_000179F_ScXIYn4_523",0,22381522,"-",28006641,50388163,"unbroken","ScimKQY_80","joined_unbroken_only"
"200","ScimKQY_80;HRSCAF=184","ch612_000542F_ScXIYn4_101",0,65554,"+",50388263,50453817,"unbroken","ScimKQY_80","joined_unbroken_only"
"201","ScimKQY_80;HRSCAF=184","ch346_000271F_ScXIYn4_659",0,840271,"+",50453917,51294188,"unbroken","ScimKQY_80","joined_unbroken_only"
"202","ScimKQY_80;HRSCAF=184","ch3082_000119F_ScXIYn4_565",0,8865010,"+",51294288,60159298,"unbroken","ScimKQY_80","joined_unbroken_only"
"203","ScimKQY_80;HRSCAF=184","ch3047_000197F_ScXIYn4_601",0,3205539,"+",60159398,63364937,"unbroken","ScimKQY_80","joined_unbroken_only"
"204","ScimKQY_80;HRSCAF=184","ch2017_000550F_ScXIYn4_182",0,126246,"-",63365037,63491283,"unbroken","ScimKQY_80","joined_unbroken_only"
"205","ScimKQY_80;HRSCAF=184","ch2076_000205F_ScXIYn4_480",0,2355659,"+",63491383,65847042,"unbroken","ScimKQY_80","joined_unbroken_only"
"206","ScimKQY_81;HRSCAF=185","ch1040_001105F_ScXIYn4_119",0,22188,"+",0,22188,"unbroken","ScimKQY_81","single_unbroken"
"207","ScimKQY_82;HRSCAF=186","ch1042_001108F_ScXIYn4_296",0,21878,"+",0,21878,"unbroken","ScimKQY_82","single_unbroken"
"208","ScimKQY_83;HRSCAF=187","ch1043_001109F_ScXIYn4_430",0,21765,"+",0,21765,"unbroken","ScimKQY_83","single_unbroken"
"209","ScimKQY_84;HRSCAF=188","ch1044_001110F_ScXIYn4_425",0,21691,"+",0,21691,"unbroken","ScimKQY_84","single_unbroken"
"210","ScimKQY_85;HRSCAF=189","ch1045_001112F_ScXIYn4_231",0,21587,"+",0,21587,"unbroken","ScimKQY_85","single_unbroken"
"211","ScimKQY_86;HRSCAF=190","ch1047_001115F_ScXIYn4_586",0,21363,"+",0,21363,"unbroken","ScimKQY_86","single_unbroken"
"212","ScimKQY_87;HRSCAF=191","ch1048_001116F_ScXIYn4_325",0,21265,"+",0,21265,"unbroken","ScimKQY_87","single_unbroken"
"213","ScimKQY_88;HRSCAF=192","ch1049_001119F_ScXIYn4_112",0,21138,"+",0,21138,"unbroken","ScimKQY_88","single_unbroken"
"214","ScimKQY_89;HRSCAF=193","ch1051_001121F_ScXIYn4_26",0,21137,"+",0,21137,"unbroken","ScimKQY_89","single_unbroken"
"215","ScimKQY_90;HRSCAF=194","ch1052_001122F_ScXIYn4_299",0,21032,"+",0,21032,"unbroken","ScimKQY_90","single_unbroken"
"216","ScimKQY_91;HRSCAF=195","ch1053_001124F_ScXIYn4_434",0,20938,"+",0,20938,"unbroken","ScimKQY_91","single_unbroken"
"217","ScimKQY_92;HRSCAF=196","ch1054_001125F_ScXIYn4_187",0,20912,"+",0,20912,"unbroken","ScimKQY_92","single_unbroken"
"218","ScimKQY_93;HRSCAF=197","ch1055_001126F_ScXIYn4_42",0,21038,"+",0,21038,"unbroken","ScimKQY_93","single_unbroken"
"219","ScimKQY_94;HRSCAF=198","ch1056_001129F_ScXIYn4_549",0,20630,"+",0,20630,"unbroken","ScimKQY_94","single_unbroken"
"220","ScimKQY_95;HRSCAF=199","ch1057_001131F_ScXIYn4_304",0,20470,"+",0,20470,"unbroken","ScimKQY_95","single_unbroken"
"221","ScimKQY_96;HRSCAF=200","ch1058_001133F_ScXIYn4_575",0,20448,"+",0,20448,"unbroken","ScimKQY_96","single_unbroken"
"222","ScimKQY_97;HRSCAF=201","ch1060_001135F_ScXIYn4_517",0,20297,"+",0,20297,"unbroken","ScimKQY_97","single_unbroken"
"223","ScimKQY_98;HRSCAF=209","ch149_000112F_ScXIYn4_495",0,34954,"+",0,34954,"unbroken","ScimKQY_98","single_unbroken"
"224","ScimKQY_99;HRSCAF=217","ch2015_000594F_ScXIYn4_178",0,172430,"+",0,172430,"unbroken","ScimKQY_99","single_unbroken"
"225","ScimKQY_100;HRSCAF=228","ch2040_001032F_ScXIYn4_297",0,156250,"+",0,156250,"unbroken","ScimKQY_100","single_unbroken"
"226","ScimKQY_101;HRSCAF=229","ch2042_000547F_ScXIYn4_298",0,121743,"+",0,121743,"unbroken","ScimKQY_101","single_unbroken"
"227","ScimKQY_102;HRSCAF=231","ch3141_000236F_ScXIYn4_742",0,21027110,"-",0,21027110,"unbroken","ScimKQY_102","joined_unbroken_only"
"228","ScimKQY_102;HRSCAF=231","ch2092_000141F_ScXIYn4_550",0,73080947,"-",21027210,94108157,"unbroken","ScimKQY_102","joined_unbroken_only"
"229","ScimKQY_102;HRSCAF=231","ch118_000086F_ScXIYn4_212",0,10987537,"-",94108257,105095794,"unbroken","ScimKQY_102","joined_unbroken_only"
"230","ScimKQY_102;HRSCAF=231","ch2022_000331F_ScXIYn4_190",0,468239,"-",105095894,105564133,"unbroken","ScimKQY_102","joined_unbroken_only"
"231","ScimKQY_102;HRSCAF=231","ch2046_000097F_ScXIYn4_308",0,9805491,"+",105564233,115369724,"unbroken","ScimKQY_102","joined_unbroken_only"
"232","ScimKQY_102;HRSCAF=231","ch214_000160F_ScXIYn4_454",0,4368314,"+",115369824,119738138,"unbroken","ScimKQY_102","joined_unbroken_only"
"233","ScimKQY_103;HRSCAF=232","ch2048_000416F_ScXIYn4_357",0,181056,"+",0,181056,"unbroken","ScimKQY_103","single_unbroken"
"234","ScimKQY_104;HRSCAF=233","ch2050_000770F_ScXIYn4_369",0,81288,"+",0,81288,"unbroken","ScimKQY_104","single_unbroken"
"235","ScimKQY_105;HRSCAF=238","ch2063_000152F_ScXIYn4_424",0,4838886,"+",0,4838886,"unbroken","ScimKQY_105","joined_unbroken_only"
"236","ScimKQY_105;HRSCAF=238","ch3101_000031F_ScXIYn4_712",0,64757658,"+",4838986,69596644,"unbroken","ScimKQY_105","joined_unbroken_only"
"237","ScimKQY_105;HRSCAF=238","ch2104_000420F_ScXIYn4_584",0,1377046,"+",69596744,70973790,"unbroken","ScimKQY_105","joined_unbroken_only"
"238","ScimKQY_105;HRSCAF=238","ch2089_000208F_ScXIYn4_544",0,2321909,"+",70973890,73295799,"unbroken","ScimKQY_105","joined_unbroken_only"
"239","ScimKQY_106;HRSCAF=240","ch2067_000342F_ScXIYn4_45",0,283635,"+",0,283635,"unbroken","ScimKQY_106","single_unbroken"
"240","ScimKQY_107;HRSCAF=251","ch2098_000456F_ScXIYn4_573",0,137016,"+",0,137016,"unbroken","ScimKQY_107","single_unbroken"
"241","ScimKQY_108;HRSCAF=256","ch2113_000598F_ScXIYn4_639",0,363626,"+",0,363626,"unbroken","ScimKQY_108","single_unbroken"
"242","ScimKQY_109;HRSCAF=261","ch2125_000468F_ScXIYn4_665",0,144774,"+",0,144774,"unbroken","ScimKQY_109","single_unbroken"
"243","ScimKQY_110;HRSCAF=265","ch2137_000882F_ScXIYn4_679",0,98543,"+",0,98543,"unbroken","ScimKQY_110","single_unbroken"
"244","ScimKQY_111;HRSCAF=275","ch125_000092F_ScXIYn4_99",0,10148255,"+",0,10148255,"unbroken","ScimKQY_111","joined_unbroken_only"
"245","ScimKQY_111;HRSCAF=275","ch3058_000033F_ScXIYn4_427",0,23321148,"+",10149255,33470403,"unbroken","ScimKQY_111","joined_unbroken_only"
"246","ScimKQY_111;HRSCAF=275","ch2160_000067F_ScXIYn4_715",0,39056828,"+",33471403,72528231,"unbroken","ScimKQY_111","joined_unbroken_only"
"247","ScimKQY_111;HRSCAF=275","ch558_000482F_ScXIYn4_714",0,81401,"+",72528331,72609732,"unbroken","ScimKQY_111","joined_unbroken_only"
"248","ScimKQY_111;HRSCAF=275","ch2012_001002F_ScXIYn4_167",0,10737339,"+",72610732,83348071,"unbroken","ScimKQY_111","joined_unbroken_only"
"249","ScimKQY_111;HRSCAF=275","ch3090_000326F_ScXIYn4_594",0,128977,"+",83348171,83477148,"unbroken","ScimKQY_111","joined_unbroken_only"
"250","ScimKQY_112;HRSCAF=280","ch3105_000250F_ScXIYn4_622",0,6259910,"+",0,6259910,"unbroken","ScimKQY_112","joined_unbroken_only"
"251","ScimKQY_112;HRSCAF=280","ch3106_000146F_ScXIYn4_759",0,403680,"+",6260010,6663690,"unbroken","ScimKQY_112","joined_unbroken_only"
"252","ScimKQY_112;HRSCAF=280","ch228_000171F_ScXIYn4_487",0,3594139,"+",6663790,10257929,"unbroken","ScimKQY_112","joined_unbroken_only"
"253","ScimKQY_112;HRSCAF=280","ch177_000130F_ScXIYn4_453",0,6294265,"-",10258929,16553194,"unbroken","ScimKQY_112","joined_unbroken_only"
"254","ScimKQY_112;HRSCAF=280","ch2175_000166F_ScXIYn4_729",0,44598887,"+",16554194,61153081,"unbroken","ScimKQY_112","joined_unbroken_only"
"255","ScimKQY_112;HRSCAF=280","ch2169_000235F_ScXIYn4_728",0,1775666,"+",61153181,62928847,"unbroken","ScimKQY_112","joined_unbroken_only"
"256","ScimKQY_112;HRSCAF=280","ch3078_000711F_ScXIYn4_629",0,116765,"-",62928947,63045712,"unbroken","ScimKQY_112","joined_unbroken_only"
"257","ScimKQY_112;HRSCAF=280","ch65_000046F_ScXIYn4_691",0,18784635,"+",63045812,81830447,"unbroken","ScimKQY_112","joined_unbroken_only"
"258","ScimKQY_112;HRSCAF=280","ch2146_000167F_ScXIYn4_690",0,4205680,"+",81830547,86036227,"unbroken","ScimKQY_112","joined_unbroken_only"
"259","ScimKQY_112;HRSCAF=280","ch2144_000706F_ScXIYn4_689",0,24132879,"+",86036327,110169206,"unbroken","ScimKQY_112","joined_unbroken_only"
"260","ScimKQY_112;HRSCAF=280","ch2061_000405F_ScXIYn4_409",0,8905892,"+",110169306,119075198,"unbroken","ScimKQY_112","joined_unbroken_only"
"261","ScimKQY_112;HRSCAF=280","ch3135_000856F_ScXIYn4_708",0,13789235,"+",119075298,132864533,"unbroken","ScimKQY_112","joined_unbroken_only"
"262","ScimKQY_112;HRSCAF=280","ch41_000030F_ScXIYn4_4",0,23894318,"+",132865533,156759851,"unbroken","ScimKQY_112","joined_unbroken_only"
"263","ScimKQY_112;HRSCAF=280","ch156_000115F_ScXIYn4_41",0,7832451,"+",156759951,164592402,"unbroken","ScimKQY_112","joined_unbroken_only"
"264","ScimKQY_112;HRSCAF=280","ch3119_000629F_ScXIYn4_646",0,9415085,"+",164592502,174007587,"unbroken","ScimKQY_112","joined_unbroken_only"
"265","ScimKQY_112;HRSCAF=280","ch3001_000091F_ScXIYn4_124",0,829446,"-",174007687,174837133,"unbroken","ScimKQY_112","joined_unbroken_only"
"266","ScimKQY_112;HRSCAF=280","ch365_000287F_ScXIYn4_61",0,693027,"-",174837233,175530260,"unbroken","ScimKQY_112","joined_unbroken_only"
"267","ScimKQY_113;HRSCAF=286","ch2189_000901F_ScXIYn4_740",0,104933,"+",0,104933,"unbroken","ScimKQY_113","single_unbroken"
"268","ScimKQY_114;HRSCAF=287","ch2191_000421F_ScXIYn4_754",0,219581,"+",0,219581,"unbroken","ScimKQY_114","single_unbroken"
"269","ScimKQY_115;HRSCAF=289","ch2195_000512F_ScXIYn4_80",0,143983,"+",0,143983,"unbroken","ScimKQY_115","single_unbroken"
"270","ScimKQY_116;HRSCAF=290","ch2198_000970F_ScXIYn4_93",0,166345,"+",0,166345,"unbroken","ScimKQY_116","single_unbroken"
"271","ScimKQY_117;HRSCAF=292","ch127_000094F_ScXIYn4_552",0,9880791,"-",0,9880791,"unbroken","ScimKQY_117","joined_unbroken_only"
"272","ScimKQY_117;HRSCAF=292","ch22_000013F_ScXIYn4_428",0,37210074,"+",9881791,47091865,"unbroken","ScimKQY_117","joined_unbroken_only"
"273","ScimKQY_117;HRSCAF=292","ch294_000229F_ScXIYn4_166",0,1780690,"-",47091965,48872655,"unbroken","ScimKQY_117","joined_unbroken_only"
"274","ScimKQY_117;HRSCAF=292","ch281_000217F_ScXIYn4_38",0,1962331,"+",48872755,50835086,"unbroken","ScimKQY_117","joined_unbroken_only"
"275","ScimKQY_117;HRSCAF=292","ch396_000314F_ScXIYn4_222",0,334734,"-",50835186,51169920,"unbroken","ScimKQY_117","joined_unbroken_only"
"276","ScimKQY_117;HRSCAF=292","ch372_000293F_ScXIYn4_367",0,573922,"-",51170020,51743942,"unbroken","ScimKQY_117","joined_unbroken_only"
"277","ScimKQY_118;HRSCAF=294","ch23_000014F_ScXIYn4_37",0,41365,"+",0,41365,"unbroken","ScimKQY_118","single_unbroken"
"278","ScimKQY_119;HRSCAF=298","ch257_000195F_ScXIYn4_247",0,47686,"+",0,47686,"unbroken","ScimKQY_119","single_unbroken"
"279","ScimKQY_120;HRSCAF=299","ch266_000202F_ScXIYn4_215",0,2218784,"+",0,2218784,"unbroken","ScimKQY_120","joined_unbroken_only"
"280","ScimKQY_120;HRSCAF=299","ch340_000267F_ScXIYn4_155",0,1006327,"-",2218884,3225211,"unbroken","ScimKQY_120","joined_unbroken_only"
"281","ScimKQY_120;HRSCAF=299","ch2027_000068F_ScXIYn4_224",0,36055193,"+",3225311,39280504,"unbroken","ScimKQY_120","joined_unbroken_only"
"282","ScimKQY_120;HRSCAF=299","ch26_000016F_ScXIYn4_672",0,32402729,"+",39280604,71683333,"unbroken","ScimKQY_120","joined_unbroken_only"
"283","ScimKQY_120;HRSCAF=299","ch477_000392F_ScXIYn4_671",0,135620,"+",71683433,71819053,"unbroken","ScimKQY_120","joined_unbroken_only"
"284","ScimKQY_121;HRSCAF=305","ch282_000218F_ScXIYn4_292",0,42443,"+",0,42443,"unbroken","ScimKQY_121","single_unbroken"
"285","ScimKQY_122;HRSCAF=308","ch295_000230F_ScXIYn4_687",0,1672020,"+",0,1672020,"unbroken","ScimKQY_122","joined_unbroken_only"
"286","ScimKQY_122;HRSCAF=308","ch652_000585F_ScXIYn4_504",0,59822,"+",1672120,1731942,"unbroken","ScimKQY_122","joined_unbroken_only"
"287","ScimKQY_122;HRSCAF=308","ch2029_000122F_ScXIYn4_23",0,6735022,"+",1732042,8467064,"unbroken","ScimKQY_122","joined_unbroken_only"
"288","ScimKQY_122;HRSCAF=308","ch52_000036F_ScXIYn4_637",0,22438751,"+",8467164,30905915,"unbroken","ScimKQY_122","joined_unbroken_only"
"289","ScimKQY_122;HRSCAF=308","ch275_000211F_ScXIYn4_85",0,2158070,"+",30906015,33064085,"unbroken","ScimKQY_122","joined_unbroken_only"
"290","ScimKQY_122;HRSCAF=308","ch3091_000006F_ScXIYn4_657",0,66582620,"+",33064185,99646805,"unbroken","ScimKQY_122","joined_unbroken_only"
"291","ScimKQY_122;HRSCAF=308","ch2151_000558F_ScXIYn4_700",0,3651265,"-",99646905,103298170,"unbroken","ScimKQY_122","joined_unbroken_only"
"292","ScimKQY_122;HRSCAF=308","ch447_000358F_ScXIYn4_375",0,189003,"-",103298270,103487273,"unbroken","ScimKQY_122","joined_unbroken_only"
"293","ScimKQY_122;HRSCAF=308","ch3061_000101F_ScXIYn4_441",0,9147707,"-",103487373,112635080,"unbroken","ScimKQY_122","joined_unbroken_only"
"294","ScimKQY_122;HRSCAF=308","ch2010_000142F_ScXIYn4_159",0,7951167,"+",112635180,120586347,"unbroken","ScimKQY_122","joined_unbroken_only"
"295","ScimKQY_123;HRSCAF=313","ch310_000244F_ScXIYn4_145",0,1401452,"+",0,1401452,"unbroken","ScimKQY_123","joined_both"
"296","ScimKQY_123;HRSCAF=313","ch217_000162F_ScXIYn4_563",0,4381574,"-",1401552,5783126,"unbroken","ScimKQY_123","joined_both"
"297","ScimKQY_123;HRSCAF=313","ch3122_000124F_ScXIYn4_658",54022504,61447237,"-",5783226,13207959,"broken","ScimKQY_123","joined_both"
"298","ScimKQY_124;HRSCAF=316","ch329_000258F_ScXIYn4_361",0,64081,"+",0,64081,"unbroken","ScimKQY_124","single_unbroken"
"299","ScimKQY_125;HRSCAF=317","ch391_000310F_ScXIYn4_197",0,354134,"-",0,354134,"unbroken","ScimKQY_125","joined_unbroken_only"
"300","ScimKQY_125;HRSCAF=317","ch2096_000339F_ScXIYn4_569",0,424874,"+",354234,779108,"unbroken","ScimKQY_125","joined_unbroken_only"
"301","ScimKQY_125;HRSCAF=317","ch3008_000359F_ScXIYn4_150",0,191420,"-",779208,970628,"unbroken","ScimKQY_125","joined_unbroken_only"
"302","ScimKQY_125;HRSCAF=317","ch3007_000329F_ScXIYn4_150",0,276799,"-",970728,1247527,"unbroken","ScimKQY_125","joined_unbroken_only"
"303","ScimKQY_125;HRSCAF=317","ch3114_000269F_ScXIYn4_76",0,22548702,"+",1247627,23796329,"unbroken","ScimKQY_125","joined_unbroken_only"
"304","ScimKQY_125;HRSCAF=317","ch3126_000004F_ScXIYn4_674",0,18336147,"-",23796429,42132576,"unbroken","ScimKQY_125","joined_unbroken_only"
"305","ScimKQY_125;HRSCAF=317","ch3021_000080F_ScXIYn4_675",0,43645307,"-",42133576,85778883,"unbroken","ScimKQY_125","joined_unbroken_only"
"306","ScimKQY_125;HRSCAF=317","ch3022_000080F_ScXIYn4_600",0,42810,"-",85778983,85821793,"unbroken","ScimKQY_125","joined_unbroken_only"
"307","ScimKQY_125;HRSCAF=317","ch3020_000064F_ScXIYn4_232",0,15403555,"-",85821893,101225448,"unbroken","ScimKQY_125","joined_unbroken_only"
"308","ScimKQY_125;HRSCAF=317","ch339_000266F_ScXIYn4_306",0,1007547,"+",101225548,102233095,"unbroken","ScimKQY_125","joined_unbroken_only"
"309","ScimKQY_126;HRSCAF=319","ch345_000270F_ScXIYn4_28",0,979402,"+",0,979402,"unbroken","ScimKQY_126","joined_both"
"310","ScimKQY_126;HRSCAF=319","ch100_000073F_ScXIYn4_698",0,13447857,"-",979502,14427359,"unbroken","ScimKQY_126","joined_both"
"311","ScimKQY_126;HRSCAF=319","ch442_000353F_ScXIYn4_615",0,200903,"+",14427459,14628362,"unbroken","ScimKQY_126","joined_both"
"312","ScimKQY_126;HRSCAF=319","ch535_000455F_ScXIYn4_450",0,93833,"+",14628462,14722295,"unbroken","ScimKQY_126","joined_both"
"313","ScimKQY_126;HRSCAF=319","ch444_000356F_ScXIYn4_652",0,193702,"+",14722395,14916097,"unbroken","ScimKQY_126","joined_both"
"314","ScimKQY_126;HRSCAF=319","ch3143_000352F_ScXIYn4_755",0,123216,"+",14916197,15039413,"unbroken","ScimKQY_126","joined_both"
"315","ScimKQY_126;HRSCAF=319","ch2106_000439F_ScXIYn4_62",0,244039,"+",15039513,15283552,"unbroken","ScimKQY_126","joined_both"
"316","ScimKQY_126;HRSCAF=319","ch453_000364F_ScXIYn4_295",0,173121,"+",15283652,15456773,"unbroken","ScimKQY_126","joined_both"
"317","ScimKQY_126;HRSCAF=319","ch3024_000417F_ScXIYn4_532",0,119051,"-",15456873,15575924,"unbroken","ScimKQY_126","joined_both"
"318","ScimKQY_126;HRSCAF=319","ch3107_000362F_ScXIYn4_711",0,636081,"-",15576024,16212105,"unbroken","ScimKQY_126","joined_both"
"319","ScimKQY_126;HRSCAF=319","ch362_000284F_ScXIYn4_468",0,773043,"+",16212205,16985248,"unbroken","ScimKQY_126","joined_both"
"320","ScimKQY_126;HRSCAF=319","ch3139_000357F_ScXIYn4_737",0,171288,"+",16985348,17156636,"unbroken","ScimKQY_126","joined_both"
"321","ScimKQY_126;HRSCAF=319","ch3057_000265F_ScXIYn4_422",0,1473083,"-",17156736,18629819,"unbroken","ScimKQY_126","joined_both"
"322","ScimKQY_126;HRSCAF=319","ch2193_000411F_ScXIYn4_760",0,156664,"-",18629919,18786583,"unbroken","ScimKQY_126","joined_both"
"323","ScimKQY_126;HRSCAF=319","ch394_000312F_ScXIYn4_739",0,360364,"+",18786683,19147047,"unbroken","ScimKQY_126","joined_both"
"324","ScimKQY_126;HRSCAF=319","ch3023_000322F_ScXIYn4_234",0,6852750,"+",19147147,25999897,"unbroken","ScimKQY_126","joined_both"
"325","ScimKQY_126;HRSCAF=319","ch284_000220F_ScXIYn4_143",0,1959743,"+",25999997,27959740,"unbroken","ScimKQY_126","joined_both"
"326","ScimKQY_126;HRSCAF=319","ch131_000098F_ScXIYn4_417",0,9445242,"+",27959840,37405082,"unbroken","ScimKQY_126","joined_both"
"327","ScimKQY_126;HRSCAF=319","ch2158_000212F_ScXIYn4_710",0,16547564,"+",37405182,53952746,"broken","ScimKQY_126","joined_both"
"328","ScimKQY_126;HRSCAF=319","ch237_000178F_ScXIYn4_709",0,3278225,"-",53952846,57231071,"unbroken","ScimKQY_126","joined_both"
"329","ScimKQY_126;HRSCAF=319","ch2158_000212F_ScXIYn4_710",16547564,49768598,"-",57231171,90452205,"broken","ScimKQY_126","joined_both"
"330","ScimKQY_127;HRSCAF=328","ch3127_000040F_ScXIYn4_677",0,11819286,"-",0,11819286,"unbroken","ScimKQY_127","joined_both"
"331","ScimKQY_127;HRSCAF=328","ch3128_000296F_ScXIYn4_678",0,33106669,"-",11819386,44926055,"unbroken","ScimKQY_127","joined_both"
"332","ScimKQY_127;HRSCAF=328","ch389_000308F_ScXIYn4_202",0,347859,"+",44926155,45274014,"unbroken","ScimKQY_127","joined_both"
"333","ScimKQY_127;HRSCAF=328","ch2123_000584F_ScXIYn4_663",0,6105371,"+",45274114,51379485,"unbroken","ScimKQY_127","joined_both"
"334","ScimKQY_127;HRSCAF=328","ch3003_000045F_ScXIYn4_128",0,19120497,"+",51379585,70500082,"unbroken","ScimKQY_127","joined_both"
"335","ScimKQY_127;HRSCAF=328","ch2148_000049F_ScXIYn4_697",0,26795978,"+",70500182,97296160,"unbroken","ScimKQY_127","joined_both"
"336","ScimKQY_127;HRSCAF=328","ch3130_000063F_ScXIYn4_695",15836491,104732136,"+",97296260,186191905,"broken","ScimKQY_127","joined_both"
"337","ScimKQY_127;HRSCAF=328","ch3130_000063F_ScXIYn4_695",0,15836491,"-",186192905,202029396,"broken","ScimKQY_127","joined_both"
"338","ScimKQY_128;HRSCAF=329","ch390_000309F_ScXIYn4_70",0,360916,"+",0,360916,"unbroken","ScimKQY_128","single_unbroken"
"339","ScimKQY_129;HRSCAF=332","ch395_000313F_ScXIYn4_118",0,343212,"+",0,343212,"unbroken","ScimKQY_129","joined_unbroken_only"
"340","ScimKQY_129;HRSCAF=332","ch2024_000201F_ScXIYn4_211",0,46899090,"+",343312,47242402,"unbroken","ScimKQY_129","joined_unbroken_only"
"341","ScimKQY_129;HRSCAF=332","ch3038_000078F_ScXIYn4_669",0,15156438,"+",47242502,62398940,"unbroken","ScimKQY_129","joined_unbroken_only"
"342","ScimKQY_129;HRSCAF=332","ch3145_000251F_ScXIYn4_762",0,24909849,"+",62399040,87308889,"unbroken","ScimKQY_129","joined_unbroken_only"
"343","ScimKQY_129;HRSCAF=332","ch554_000478F_ScXIYn4_472",0,83010,"-",87308989,87391999,"unbroken","ScimKQY_129","joined_unbroken_only"
"344","ScimKQY_129;HRSCAF=332","ch3064_000595F_ScXIYn4_46",0,13306910,"+",87392099,100699009,"unbroken","ScimKQY_129","joined_unbroken_only"
"345","ScimKQY_129;HRSCAF=332","ch3120_000066F_ScXIYn4_650",0,1846517,"+",100699109,102545626,"unbroken","ScimKQY_129","joined_unbroken_only"
"346","ScimKQY_129;HRSCAF=332","ch3067_000223F_ScXIYn4_483",0,1893603,"+",102545726,104439329,"unbroken","ScimKQY_129","joined_unbroken_only"
"347","ScimKQY_130;HRSCAF=336","ch414_000328F_ScXIYn4_113",0,55541,"+",0,55541,"unbroken","ScimKQY_130","single_unbroken"
"348","ScimKQY_131;HRSCAF=337","ch417_000330F_ScXIYn4_326",0,275597,"+",0,275597,"unbroken","ScimKQY_131","single_unbroken"
"349","ScimKQY_132;HRSCAF=339","ch421_000334F_ScXIYn4_3",0,238149,"+",0,238149,"unbroken","ScimKQY_132","single_unbroken"
"350","ScimKQY_133;HRSCAF=340","ch422_000335F_ScXIYn4_122",0,251508,"+",0,251508,"unbroken","ScimKQY_133","single_unbroken"
"351","ScimKQY_134;HRSCAF=341","ch423_000336F_ScXIYn4_14",0,241119,"+",0,241119,"unbroken","ScimKQY_134","single_unbroken"
"352","ScimKQY_135;HRSCAF=344","ch429_000341F_ScXIYn4_39",0,230318,"+",0,230318,"unbroken","ScimKQY_135","single_unbroken"
"353","ScimKQY_136;HRSCAF=345","ch431_000344F_ScXIYn4_649",0,120382,"+",0,120382,"unbroken","ScimKQY_136","single_unbroken"
"354","ScimKQY_137;HRSCAF=346","ch432_000345F_ScXIYn4_514",0,234010,"+",0,234010,"unbroken","ScimKQY_137","single_unbroken"
"355","ScimKQY_138;HRSCAF=351","ch44_000032F_ScXIYn4_283",0,23546884,"+",0,23546884,"unbroken","ScimKQY_138","single_unbroken"
"356","ScimKQY_139;HRSCAF=352","ch450_000360F_ScXIYn4_189",0,180753,"+",0,180753,"unbroken","ScimKQY_139","single_unbroken"
"357","ScimKQY_140;HRSCAF=355","ch454_000365F_ScXIYn4_582",0,174405,"+",0,174405,"unbroken","ScimKQY_140","single_unbroken"
"358","ScimKQY_141;HRSCAF=357","ch456_000368F_ScXIYn4_103",0,170726,"+",0,170726,"unbroken","ScimKQY_141","single_unbroken"
"359","ScimKQY_142;HRSCAF=358","ch457_000369F_ScXIYn4_530",0,170908,"+",0,170908,"unbroken","ScimKQY_142","single_unbroken"
"360","ScimKQY_143;HRSCAF=359","ch458_000370F_ScXIYn4_467",0,168651,"+",0,168651,"unbroken","ScimKQY_143","single_unbroken"
"361","ScimKQY_144;HRSCAF=360","ch459_000371F_ScXIYn4_235",0,153275,"+",0,153275,"unbroken","ScimKQY_144","single_unbroken"
"362","ScimKQY_145;HRSCAF=361","ch463_000375F_ScXIYn4_651",0,160432,"+",0,160432,"unbroken","ScimKQY_145","single_unbroken"
"363","ScimKQY_146;HRSCAF=362","ch464_000376F_ScXIYn4_761",0,165024,"+",0,165024,"unbroken","ScimKQY_146","single_unbroken"
"364","ScimKQY_147;HRSCAF=363","ch468_000380F_ScXIYn4_127",0,148919,"+",0,148919,"unbroken","ScimKQY_147","single_unbroken"
"365","ScimKQY_148;HRSCAF=364","ch469_000382F_ScXIYn4_641",0,151686,"+",0,151686,"unbroken","ScimKQY_148","single_unbroken"
"366","ScimKQY_149;HRSCAF=365","ch471_000384F_ScXIYn4_653",0,150630,"+",0,150630,"unbroken","ScimKQY_149","single_unbroken"
"367","ScimKQY_150;HRSCAF=366","ch473_000387F_ScXIYn4_374",0,148644,"+",0,148644,"unbroken","ScimKQY_150","single_unbroken"
"368","ScimKQY_151;HRSCAF=367","ch474_000388F_ScXIYn4_334",0,143471,"+",0,143471,"unbroken","ScimKQY_151","single_unbroken"
"369","ScimKQY_152;HRSCAF=370","ch478_000393F_ScXIYn4_47",0,27835,"+",0,27835,"unbroken","ScimKQY_152","single_unbroken"
"370","ScimKQY_153;HRSCAF=372","ch480_000395F_ScXIYn4_414",0,139467,"+",0,139467,"unbroken","ScimKQY_153","single_unbroken"
"371","ScimKQY_154;HRSCAF=373","ch481_000396F_ScXIYn4_73",0,138467,"+",0,138467,"unbroken","ScimKQY_154","single_unbroken"
"372","ScimKQY_155;HRSCAF=374","ch482_000398F_ScXIYn4_290",0,135630,"+",0,135630,"unbroken","ScimKQY_155","single_unbroken"
"373","ScimKQY_156;HRSCAF=375","ch483_000400F_ScXIYn4_402",0,130867,"+",0,130867,"unbroken","ScimKQY_156","single_unbroken"
"374","ScimKQY_157;HRSCAF=376","ch485_000402F_ScXIYn4_64",0,130737,"+",0,130737,"unbroken","ScimKQY_157","single_unbroken"
"375","ScimKQY_158;HRSCAF=378","ch487_000404F_ScXIYn4_81",0,121377,"+",0,121377,"unbroken","ScimKQY_158","single_unbroken"
"376","ScimKQY_159;HRSCAF=379","ch491_000408F_ScXIYn4_240",0,127659,"+",0,127659,"unbroken","ScimKQY_159","single_unbroken"
"377","ScimKQY_160;HRSCAF=380","ch492_000409F_ScXIYn4_111",0,125323,"+",0,125323,"unbroken","ScimKQY_160","single_unbroken"
"378","ScimKQY_161;HRSCAF=381","ch493_000410F_ScXIYn4_117",0,124529,"+",0,124529,"unbroken","ScimKQY_161","joined_unbroken_only"
"379","ScimKQY_161;HRSCAF=381","ch3053_000034F_ScXIYn4_412",0,60751297,"+",124629,60875926,"unbroken","ScimKQY_161","joined_unbroken_only"
"380","ScimKQY_161;HRSCAF=381","ch3056_000034F_ScXIYn4_758",0,1153692,"+",60876026,62029718,"unbroken","ScimKQY_161","joined_unbroken_only"
"381","ScimKQY_162;HRSCAF=382","ch495_000412F_ScXIYn4_362",0,109647,"+",0,109647,"unbroken","ScimKQY_162","single_unbroken"
"382","ScimKQY_163;HRSCAF=383","ch497_000415F_ScXIYn4_19",0,120282,"+",0,120282,"unbroken","ScimKQY_163","single_unbroken"
"383","ScimKQY_164;HRSCAF=384","ch500_000418F_ScXIYn4_170",0,27231,"+",0,27231,"unbroken","ScimKQY_164","single_unbroken"
"384","ScimKQY_165;HRSCAF=385","ch501_000419F_ScXIYn4_423",0,117916,"+",0,117916,"unbroken","ScimKQY_165","single_unbroken"
"385","ScimKQY_166;HRSCAF=386","ch504_000422F_ScXIYn4_384",0,114215,"+",0,114215,"unbroken","ScimKQY_166","single_unbroken"
"386","ScimKQY_167;HRSCAF=387","ch506_000424F_ScXIYn4_313",0,112861,"+",0,112861,"unbroken","ScimKQY_167","single_unbroken"
"387","ScimKQY_168;HRSCAF=388","ch507_000425F_ScXIYn4_94",0,111872,"+",0,111872,"unbroken","ScimKQY_168","single_unbroken"
"388","ScimKQY_169;HRSCAF=389","ch508_000426F_ScXIYn4_51",0,111742,"+",0,111742,"unbroken","ScimKQY_169","single_unbroken"
"389","ScimKQY_170;HRSCAF=390","ch509_000427F_ScXIYn4_515",0,91479,"+",0,91479,"unbroken","ScimKQY_170","single_unbroken"
"390","ScimKQY_171;HRSCAF=391","ch510_000428F_ScXIYn4_322",0,107220,"+",0,107220,"unbroken","ScimKQY_171","single_unbroken"
"391","ScimKQY_172;HRSCAF=392","ch511_000429F_ScXIYn4_766",0,109542,"+",0,109542,"unbroken","ScimKQY_172","single_unbroken"
"392","ScimKQY_173;HRSCAF=393","ch515_000433F_ScXIYn4_233",0,169307,"+",0,169307,"unbroken","ScimKQY_173","joined_unbroken_only"
"393","ScimKQY_173;HRSCAF=393","ch2135_000401F_ScXIYn4_676",0,168408,"+",169407,337815,"unbroken","ScimKQY_173","joined_unbroken_only"
"394","ScimKQY_174;HRSCAF=394","ch517_000435F_ScXIYn4_16",0,107772,"+",0,107772,"unbroken","ScimKQY_174","single_unbroken"
"395","ScimKQY_175;HRSCAF=395","ch522_000441F_ScXIYn4_378",0,100442,"+",0,100442,"unbroken","ScimKQY_175","single_unbroken"
"396","ScimKQY_176;HRSCAF=396","ch523_000442F_ScXIYn4_531",0,87176,"+",0,87176,"unbroken","ScimKQY_176","single_unbroken"
"397","ScimKQY_177;HRSCAF=397","ch524_000443F_ScXIYn4_555",0,124057,"+",0,124057,"unbroken","ScimKQY_177","single_unbroken"
"398","ScimKQY_178;HRSCAF=398","ch525_000444F_ScXIYn4_22",0,98365,"+",0,98365,"unbroken","ScimKQY_178","single_unbroken"
"399","ScimKQY_179;HRSCAF=399","ch528_000447F_ScXIYn4_333",0,96872,"+",0,96872,"unbroken","ScimKQY_179","single_unbroken"
"400","ScimKQY_180;HRSCAF=400","ch529_000448F_ScXIYn4_474",0,96406,"+",0,96406,"unbroken","ScimKQY_180","single_unbroken"
"401","ScimKQY_181;HRSCAF=402","ch532_000452F_ScXIYn4_389",0,94548,"+",0,94548,"unbroken","ScimKQY_181","single_unbroken"
"402","ScimKQY_182;HRSCAF=403","ch534_000454F_ScXIYn4_365",0,71244,"+",0,71244,"unbroken","ScimKQY_182","single_unbroken"
"403","ScimKQY_183;HRSCAF=405","ch537_000457F_ScXIYn4_59",0,61992,"+",0,61992,"unbroken","ScimKQY_183","single_unbroken"
"404","ScimKQY_184;HRSCAF=406","ch538_000458F_ScXIYn4_126",0,92104,"+",0,92104,"unbroken","ScimKQY_184","single_unbroken"
"405","ScimKQY_185;HRSCAF=407","ch539_000460F_ScXIYn4_318",0,58031,"+",0,58031,"unbroken","ScimKQY_185","single_unbroken"
"406","ScimKQY_186;HRSCAF=408","ch540_000463F_ScXIYn4_90",0,89837,"+",0,89837,"unbroken","ScimKQY_186","single_unbroken"
"407","ScimKQY_187;HRSCAF=409","ch541_000464F_ScXIYn4_226",0,89568,"+",0,89568,"unbroken","ScimKQY_187","single_unbroken"
"408","ScimKQY_188;HRSCAF=410","ch542_000465F_ScXIYn4_340",0,89392,"+",0,89392,"unbroken","ScimKQY_188","single_unbroken"
"409","ScimKQY_189;HRSCAF=411","ch543_000467F_ScXIYn4_244",0,88191,"+",0,88191,"unbroken","ScimKQY_189","single_unbroken"
"410","ScimKQY_190;HRSCAF=412","ch545_000469F_ScXIYn4_540",0,48111,"+",0,48111,"unbroken","ScimKQY_190","single_unbroken"
"411","ScimKQY_191;HRSCAF=413","ch546_000470F_ScXIYn4_34",0,87687,"+",0,87687,"unbroken","ScimKQY_191","single_unbroken"
"412","ScimKQY_192;HRSCAF=414","ch548_000472F_ScXIYn4_564",0,87333,"+",0,87333,"unbroken","ScimKQY_192","single_unbroken"
"413","ScimKQY_193;HRSCAF=415","ch549_000473F_ScXIYn4_199",0,75406,"+",0,75406,"unbroken","ScimKQY_193","single_unbroken"
"414","ScimKQY_194;HRSCAF=416","ch550_000474F_ScXIYn4_579",0,84194,"+",0,84194,"unbroken","ScimKQY_194","single_unbroken"
"415","ScimKQY_195;HRSCAF=417","ch552_000476F_ScXIYn4_309",0,83883,"+",0,83883,"unbroken","ScimKQY_195","single_unbroken"
"416","ScimKQY_196;HRSCAF=418","ch553_000477F_ScXIYn4_250",0,84624,"+",0,84624,"unbroken","ScimKQY_196","single_unbroken"
"417","ScimKQY_197;HRSCAF=420","ch555_000479F_ScXIYn4_479",0,82697,"+",0,82697,"unbroken","ScimKQY_197","single_unbroken"
"418","ScimKQY_198;HRSCAF=422","ch559_000483F_ScXIYn4_323",0,81075,"+",0,81075,"unbroken","ScimKQY_198","single_unbroken"
"419","ScimKQY_199;HRSCAF=423","ch561_000485F_ScXIYn4_56",0,80850,"+",0,80850,"unbroken","ScimKQY_199","single_unbroken"
"420","ScimKQY_200;HRSCAF=424","ch563_000487F_ScXIYn4_578",0,71522,"+",0,71522,"unbroken","ScimKQY_200","single_unbroken"
"421","ScimKQY_201;HRSCAF=425","ch564_000488F_ScXIYn4_534",0,80085,"+",0,80085,"unbroken","ScimKQY_201","single_unbroken"
"422","ScimKQY_202;HRSCAF=426","ch566_000490F_ScXIYn4_239",0,79998,"+",0,79998,"unbroken","ScimKQY_202","single_unbroken"
"423","ScimKQY_203;HRSCAF=427","ch567_000491F_ScXIYn4_205",0,79492,"+",0,79492,"unbroken","ScimKQY_203","single_unbroken"
"424","ScimKQY_204;HRSCAF=428","ch568_000492F_ScXIYn4_520",0,80595,"+",0,80595,"unbroken","ScimKQY_204","single_unbroken"
"425","ScimKQY_205;HRSCAF=429","ch570_000494F_ScXIYn4_413",0,78571,"+",0,78571,"unbroken","ScimKQY_205","single_unbroken"
"426","ScimKQY_206;HRSCAF=430","ch571_000495F_ScXIYn4_542",0,78323,"+",0,78323,"unbroken","ScimKQY_206","single_unbroken"
"427","ScimKQY_207;HRSCAF=431","ch572_000496F_ScXIYn4_100",0,78468,"+",0,78468,"unbroken","ScimKQY_207","single_unbroken"
"428","ScimKQY_208;HRSCAF=432","ch573_000497F_ScXIYn4_327",0,77997,"+",0,77997,"unbroken","ScimKQY_208","single_unbroken"
"429","ScimKQY_209;HRSCAF=433","ch575_000500F_ScXIYn4_324",0,77418,"+",0,77418,"unbroken","ScimKQY_209","single_unbroken"
"430","ScimKQY_210;HRSCAF=434","ch577_000502F_ScXIYn4_519",0,76971,"+",0,76971,"unbroken","ScimKQY_210","single_unbroken"
"431","ScimKQY_211;HRSCAF=435","ch578_000503F_ScXIYn4_148",0,77038,"+",0,77038,"unbroken","ScimKQY_211","single_unbroken"
"432","ScimKQY_212;HRSCAF=436","ch579_000504F_ScXIYn4_161",0,76799,"+",0,76799,"unbroken","ScimKQY_212","single_unbroken"
"433","ScimKQY_213;HRSCAF=437","ch580_000505F_ScXIYn4_163",0,76069,"+",0,76069,"unbroken","ScimKQY_213","single_unbroken"
"434","ScimKQY_214;HRSCAF=438","ch581_000506F_ScXIYn4_353",0,75715,"+",0,75715,"unbroken","ScimKQY_214","single_unbroken"
"435","ScimKQY_215;HRSCAF=439","ch583_000508F_ScXIYn4_553",0,56289,"+",0,56289,"unbroken","ScimKQY_215","single_unbroken"
"436","ScimKQY_216;HRSCAF=440","ch585_000510F_ScXIYn4_115",0,74246,"+",0,74246,"unbroken","ScimKQY_216","single_unbroken"
"437","ScimKQY_217;HRSCAF=441","ch586_000511F_ScXIYn4_404",0,74067,"+",0,74067,"unbroken","ScimKQY_217","single_unbroken"
"438","ScimKQY_218;HRSCAF=442","ch590_000514F_ScXIYn4_245",0,73585,"+",0,73585,"unbroken","ScimKQY_218","single_unbroken"
"439","ScimKQY_219;HRSCAF=443","ch591_000516F_ScXIYn4_303",0,72669,"+",0,72669,"unbroken","ScimKQY_219","single_unbroken"
"440","ScimKQY_220;HRSCAF=444","ch594_000519F_ScXIYn4_180",0,72370,"+",0,72370,"unbroken","ScimKQY_220","single_unbroken"
"441","ScimKQY_221;HRSCAF=445","ch595_000520F_ScXIYn4_214",0,71987,"+",0,71987,"unbroken","ScimKQY_221","single_unbroken"
"442","ScimKQY_222;HRSCAF=446","ch597_000522F_ScXIYn4_144",0,71526,"+",0,71526,"unbroken","ScimKQY_222","single_unbroken"
"443","ScimKQY_223;HRSCAF=447","ch598_000523F_ScXIYn4_647",0,71426,"+",0,71426,"unbroken","ScimKQY_223","single_unbroken"
"444","ScimKQY_224;HRSCAF=448","ch599_000524F_ScXIYn4_498",0,71045,"+",0,71045,"unbroken","ScimKQY_224","single_unbroken"
"445","ScimKQY_225;HRSCAF=449","ch601_000528F_ScXIYn4_114",0,69914,"+",0,69914,"unbroken","ScimKQY_225","single_unbroken"
"446","ScimKQY_226;HRSCAF=450","ch603_000530F_ScXIYn4_36",0,69653,"+",0,69653,"unbroken","ScimKQY_226","single_unbroken"
"447","ScimKQY_227;HRSCAF=451","ch604_000531F_ScXIYn4_390",0,67294,"+",0,67294,"unbroken","ScimKQY_227","single_unbroken"
"448","ScimKQY_228;HRSCAF=452","ch607_000535F_ScXIYn4_446",0,68793,"+",0,68793,"unbroken","ScimKQY_228","single_unbroken"
"449","ScimKQY_229;HRSCAF=453","ch611_000541F_ScXIYn4_109",0,65916,"+",0,65916,"unbroken","ScimKQY_229","single_unbroken"
"450","ScimKQY_230;HRSCAF=455","ch615_000545F_ScXIYn4_175",0,33831,"+",0,33831,"unbroken","ScimKQY_230","single_unbroken"
"451","ScimKQY_231;HRSCAF=456","ch621_000551F_ScXIYn4_74",0,63868,"+",0,63868,"unbroken","ScimKQY_231","single_unbroken"
"452","ScimKQY_232;HRSCAF=457","ch622_000552F_ScXIYn4_481",0,63480,"+",0,63480,"unbroken","ScimKQY_232","single_unbroken"
"453","ScimKQY_233;HRSCAF=458","ch625_000555F_ScXIYn4_566",0,20436,"+",0,20436,"unbroken","ScimKQY_233","single_unbroken"
"454","ScimKQY_234;HRSCAF=459","ch626_000556F_ScXIYn4_406",0,63005,"+",0,63005,"unbroken","ScimKQY_234","single_unbroken"
"455","ScimKQY_235;HRSCAF=460","ch62_000044F_ScXIYn4_688",0,18891350,"+",0,18891350,"unbroken","ScimKQY_235","single_unbroken"
"456","ScimKQY_236;HRSCAF=461","ch630_000560F_ScXIYn4_368",0,61715,"+",0,61715,"unbroken","ScimKQY_236","single_unbroken"
"457","ScimKQY_237;HRSCAF=462","ch631_000561F_ScXIYn4_348",0,61817,"+",0,61817,"unbroken","ScimKQY_237","single_unbroken"
"458","ScimKQY_238;HRSCAF=463","ch632_000562F_ScXIYn4_268",0,61550,"+",0,61550,"unbroken","ScimKQY_238","single_unbroken"
"459","ScimKQY_239;HRSCAF=464","ch633_000563F_ScXIYn4_278",0,61472,"+",0,61472,"unbroken","ScimKQY_239","single_unbroken"
"460","ScimKQY_240;HRSCAF=465","ch636_000567F_ScXIYn4_431",0,61206,"+",0,61206,"unbroken","ScimKQY_240","single_unbroken"
"461","ScimKQY_241;HRSCAF=467","ch644_000576F_ScXIYn4_379",0,60613,"+",0,60613,"unbroken","ScimKQY_241","single_unbroken"
"462","ScimKQY_242;HRSCAF=468","ch645_000577F_ScXIYn4_265",0,60545,"+",0,60545,"unbroken","ScimKQY_242","single_unbroken"
"463","ScimKQY_243;HRSCAF=469","ch646_000578F_ScXIYn4_535",0,60661,"+",0,60661,"unbroken","ScimKQY_243","single_unbroken"
"464","ScimKQY_244;HRSCAF=470","ch647_000579F_ScXIYn4_181",0,60277,"+",0,60277,"unbroken","ScimKQY_244","single_unbroken"
"465","ScimKQY_245;HRSCAF=471","ch648_000580F_ScXIYn4_343",0,60671,"+",0,60671,"unbroken","ScimKQY_245","single_unbroken"
"466","ScimKQY_246;HRSCAF=473","ch653_000586F_ScXIYn4_251",0,59779,"+",0,59779,"unbroken","ScimKQY_246","single_unbroken"
"467","ScimKQY_247;HRSCAF=474","ch657_000590F_ScXIYn4_359",0,60716,"+",0,60716,"unbroken","ScimKQY_247","single_unbroken"
"468","ScimKQY_248;HRSCAF=475","ch658_000591F_ScXIYn4_341",0,58592,"+",0,58592,"unbroken","ScimKQY_248","single_unbroken"
"469","ScimKQY_249;HRSCAF=477","ch660_000593F_ScXIYn4_27",0,46599,"+",0,46599,"unbroken","ScimKQY_249","single_unbroken"
"470","ScimKQY_250;HRSCAF=478","ch666_000600F_ScXIYn4_329",0,57765,"+",0,57765,"unbroken","ScimKQY_250","single_unbroken"
"471","ScimKQY_251;HRSCAF=479","ch667_000601F_ScXIYn4_139",0,57345,"+",0,57345,"unbroken","ScimKQY_251","single_unbroken"
"472","ScimKQY_252;HRSCAF=480","ch668_000602F_ScXIYn4_58",0,57095,"+",0,57095,"unbroken","ScimKQY_252","single_unbroken"
"473","ScimKQY_253;HRSCAF=481","ch669_000604F_ScXIYn4_461",0,56968,"+",0,56968,"unbroken","ScimKQY_253","single_unbroken"
"474","ScimKQY_254;HRSCAF=482","ch670_000605F_ScXIYn4_346",0,56750,"+",0,56750,"unbroken","ScimKQY_254","single_unbroken"
"475","ScimKQY_255;HRSCAF=483","ch671_000606F_ScXIYn4_220",0,56554,"+",0,56554,"unbroken","ScimKQY_255","single_unbroken"
"476","ScimKQY_256;HRSCAF=484","ch673_000608F_ScXIYn4_88",0,56609,"+",0,56609,"unbroken","ScimKQY_256","single_unbroken"
"477","ScimKQY_257;HRSCAF=485","ch675_000610F_ScXIYn4_581",0,56531,"+",0,56531,"unbroken","ScimKQY_257","single_unbroken"
"478","ScimKQY_258;HRSCAF=487","ch679_000616F_ScXIYn4_458",0,55783,"+",0,55783,"unbroken","ScimKQY_258","single_unbroken"
"479","ScimKQY_259;HRSCAF=488","ch683_000623F_ScXIYn4_648",0,55299,"+",0,55299,"unbroken","ScimKQY_259","single_unbroken"
"480","ScimKQY_260;HRSCAF=489","ch684_000624F_ScXIYn4_248",0,60992,"+",0,60992,"unbroken","ScimKQY_260","single_unbroken"
"481","ScimKQY_261;HRSCAF=490","ch685_000625F_ScXIYn4_15",0,54734,"+",0,54734,"unbroken","ScimKQY_261","single_unbroken"
"482","ScimKQY_262;HRSCAF=491","ch686_000626F_ScXIYn4_541",0,54251,"+",0,54251,"unbroken","ScimKQY_262","single_unbroken"
"483","ScimKQY_263;HRSCAF=492","ch687_000627F_ScXIYn4_330",0,54114,"+",0,54114,"unbroken","ScimKQY_263","single_unbroken"
"484","ScimKQY_264;HRSCAF=493","ch688_000628F_ScXIYn4_554",0,54073,"+",0,54073,"unbroken","ScimKQY_264","single_unbroken"
"485","ScimKQY_265;HRSCAF=494","ch68_000050F_ScXIYn4_31",0,23168,"+",0,23168,"unbroken","ScimKQY_265","single_unbroken"
"486","ScimKQY_266;HRSCAF=495","ch690_000630F_ScXIYn4_336",0,53855,"+",0,53855,"unbroken","ScimKQY_266","single_unbroken"
"487","ScimKQY_267;HRSCAF=496","ch691_000631F_ScXIYn4_415",0,54017,"+",0,54017,"unbroken","ScimKQY_267","single_unbroken"
"488","ScimKQY_268;HRSCAF=497","ch692_000632F_ScXIYn4_29",0,53325,"+",0,53325,"unbroken","ScimKQY_268","single_unbroken"
"489","ScimKQY_269;HRSCAF=498","ch693_000633F_ScXIYn4_195",0,53176,"+",0,53176,"unbroken","ScimKQY_269","single_unbroken"
"490","ScimKQY_270;HRSCAF=499","ch694_000634F_ScXIYn4_452",0,53388,"+",0,53388,"unbroken","ScimKQY_270","single_unbroken"
"491","ScimKQY_271;HRSCAF=500","ch695_000635F_ScXIYn4_465",0,53335,"+",0,53335,"unbroken","ScimKQY_271","single_unbroken"
"492","ScimKQY_272;HRSCAF=501","ch696_000636F_ScXIYn4_49",0,36396,"+",0,36396,"unbroken","ScimKQY_272","single_unbroken"
"493","ScimKQY_273;HRSCAF=502","ch697_000637F_ScXIYn4_312",0,53132,"+",0,53132,"unbroken","ScimKQY_273","single_unbroken"
"494","ScimKQY_274;HRSCAF=503","ch700_000641F_ScXIYn4_82",0,52492,"+",0,52492,"unbroken","ScimKQY_274","single_unbroken"
"495","ScimKQY_275;HRSCAF=504","ch701_000642F_ScXIYn4_364",0,42980,"+",0,42980,"unbroken","ScimKQY_275","single_unbroken"
"496","ScimKQY_276;HRSCAF=505","ch702_000643F_ScXIYn4_146",0,52617,"+",0,52617,"unbroken","ScimKQY_276","single_unbroken"
"497","ScimKQY_277;HRSCAF=506","ch703_000644F_ScXIYn4_373",0,52351,"+",0,52351,"unbroken","ScimKQY_277","single_unbroken"
"498","ScimKQY_278;HRSCAF=507","ch705_000646F_ScXIYn4_316",0,52287,"+",0,52287,"unbroken","ScimKQY_278","single_unbroken"
"499","ScimKQY_279;HRSCAF=508","ch706_000647F_ScXIYn4_102",0,52333,"+",0,52333,"unbroken","ScimKQY_279","single_unbroken"
"500","ScimKQY_280;HRSCAF=509","ch709_000650F_ScXIYn4_317",0,51827,"+",0,51827,"unbroken","ScimKQY_280","single_unbroken"
"501","ScimKQY_281;HRSCAF=510","ch713_000654F_ScXIYn4_209",0,50789,"+",0,50789,"unbroken","ScimKQY_281","single_unbroken"
"502","ScimKQY_282;HRSCAF=511","ch714_000655F_ScXIYn4_198",0,51064,"+",0,51064,"unbroken","ScimKQY_282","single_unbroken"
"503","ScimKQY_283;HRSCAF=512","ch715_000657F_ScXIYn4_60",0,49796,"+",0,49796,"unbroken","ScimKQY_283","single_unbroken"
"504","ScimKQY_284;HRSCAF=513","ch716_000658F_ScXIYn4_223",0,49904,"+",0,49904,"unbroken","ScimKQY_284","single_unbroken"
"505","ScimKQY_285;HRSCAF=514","ch717_000659F_ScXIYn4_360",0,49819,"+",0,49819,"unbroken","ScimKQY_285","single_unbroken"
"506","ScimKQY_286;HRSCAF=515","ch718_000660F_ScXIYn4_558",0,49652,"+",0,49652,"unbroken","ScimKQY_286","single_unbroken"
"507","ScimKQY_287;HRSCAF=516","ch719_000661F_ScXIYn4_89",0,49530,"+",0,49530,"unbroken","ScimKQY_287","single_unbroken"
"508","ScimKQY_288;HRSCAF=517","ch721_000663F_ScXIYn4_507",0,48421,"+",0,48421,"unbroken","ScimKQY_288","single_unbroken"
"509","ScimKQY_289;HRSCAF=518","ch722_000665F_ScXIYn4_522",0,48257,"+",0,48257,"unbroken","ScimKQY_289","single_unbroken"
"510","ScimKQY_290;HRSCAF=519","ch723_000666F_ScXIYn4_271",0,48129,"+",0,48129,"unbroken","ScimKQY_290","single_unbroken"
"511","ScimKQY_291;HRSCAF=520","ch724_000667F_ScXIYn4_567",0,41136,"+",0,41136,"unbroken","ScimKQY_291","single_unbroken"
"512","ScimKQY_292;HRSCAF=521","ch725_000668F_ScXIYn4_449",0,47837,"+",0,47837,"unbroken","ScimKQY_292","single_unbroken"
"513","ScimKQY_293;HRSCAF=522","ch726_000669F_ScXIYn4_95",0,39762,"+",0,39762,"unbroken","ScimKQY_293","single_unbroken"
"514","ScimKQY_294;HRSCAF=523","ch727_000670F_ScXIYn4_258",0,48009,"+",0,48009,"unbroken","ScimKQY_294","single_unbroken"
"515","ScimKQY_295;HRSCAF=524","ch728_000671F_ScXIYn4_358",0,47574,"+",0,47574,"unbroken","ScimKQY_295","single_unbroken"
"516","ScimKQY_296;HRSCAF=525","ch731_000674F_ScXIYn4_469",0,47498,"+",0,47498,"unbroken","ScimKQY_296","single_unbroken"
"517","ScimKQY_297;HRSCAF=526","ch732_000675F_ScXIYn4_445",0,47406,"+",0,47406,"unbroken","ScimKQY_297","single_unbroken"
"518","ScimKQY_298;HRSCAF=527","ch733_000676F_ScXIYn4_366",0,47179,"+",0,47179,"unbroken","ScimKQY_298","single_unbroken"
"519","ScimKQY_299;HRSCAF=528","ch734_000677F_ScXIYn4_386",0,47126,"+",0,47126,"unbroken","ScimKQY_299","single_unbroken"
"520","ScimKQY_300;HRSCAF=529","ch736_000679F_ScXIYn4_261",0,41452,"+",0,41452,"unbroken","ScimKQY_300","single_unbroken"
"521","ScimKQY_301;HRSCAF=530","ch737_000680F_ScXIYn4_339",0,45741,"+",0,45741,"unbroken","ScimKQY_301","single_unbroken"
"522","ScimKQY_302;HRSCAF=531","ch738_000682F_ScXIYn4_135",0,46897,"+",0,46897,"unbroken","ScimKQY_302","single_unbroken"
"523","ScimKQY_303;HRSCAF=532","ch739_000683F_ScXIYn4_286",0,46987,"+",0,46987,"unbroken","ScimKQY_303","single_unbroken"
"524","ScimKQY_304;HRSCAF=533","ch740_000684F_ScXIYn4_206",0,46923,"+",0,46923,"unbroken","ScimKQY_304","single_unbroken"
"525","ScimKQY_305;HRSCAF=534","ch743_000688F_ScXIYn4_2",0,40178,"+",0,40178,"unbroken","ScimKQY_305","single_unbroken"
"526","ScimKQY_306;HRSCAF=535","ch744_000689F_ScXIYn4_43",0,46599,"+",0,46599,"unbroken","ScimKQY_306","single_unbroken"
"527","ScimKQY_307;HRSCAF=536","ch745_000690F_ScXIYn4_315",0,46441,"+",0,46441,"unbroken","ScimKQY_307","single_unbroken"
"528","ScimKQY_308;HRSCAF=537","ch748_000695F_ScXIYn4_345",0,46127,"+",0,46127,"unbroken","ScimKQY_308","single_unbroken"
"529","ScimKQY_309;HRSCAF=538","ch749_000696F_ScXIYn4_142",0,45939,"+",0,45939,"unbroken","ScimKQY_309","single_unbroken"
"530","ScimKQY_310;HRSCAF=539","ch750_000697F_ScXIYn4_137",0,46039,"+",0,46039,"unbroken","ScimKQY_310","single_unbroken"
"531","ScimKQY_311;HRSCAF=540","ch752_000700F_ScXIYn4_67",0,45816,"+",0,45816,"unbroken","ScimKQY_311","single_unbroken"
"532","ScimKQY_312;HRSCAF=541","ch755_000703F_ScXIYn4_17",0,45400,"+",0,45400,"unbroken","ScimKQY_312","single_unbroken"
"533","ScimKQY_313;HRSCAF=542","ch756_000704F_ScXIYn4_84",0,45328,"+",0,45328,"unbroken","ScimKQY_313","single_unbroken"
"534","ScimKQY_314;HRSCAF=543","ch760_000709F_ScXIYn4_576",0,44996,"+",0,44996,"unbroken","ScimKQY_314","single_unbroken"
"535","ScimKQY_315;HRSCAF=544","ch762_000712F_ScXIYn4_471",0,44671,"+",0,44671,"unbroken","ScimKQY_315","single_unbroken"
"536","ScimKQY_316;HRSCAF=545","ch763_000713F_ScXIYn4_275",0,44759,"+",0,44759,"unbroken","ScimKQY_316","single_unbroken"
"537","ScimKQY_317;HRSCAF=546","ch764_000715F_ScXIYn4_396",0,44479,"+",0,44479,"unbroken","ScimKQY_317","single_unbroken"
"538","ScimKQY_318;HRSCAF=547","ch765_000716F_ScXIYn4_477",0,44351,"+",0,44351,"unbroken","ScimKQY_318","single_unbroken"
"539","ScimKQY_319;HRSCAF=548","ch767_000719F_ScXIYn4_266",0,44091,"+",0,44091,"unbroken","ScimKQY_319","single_unbroken"
"540","ScimKQY_320;HRSCAF=549","ch768_000720F_ScXIYn4_524",0,43914,"+",0,43914,"unbroken","ScimKQY_320","single_unbroken"
"541","ScimKQY_321;HRSCAF=550","ch769_000721F_ScXIYn4_151",0,43922,"+",0,43922,"unbroken","ScimKQY_321","single_unbroken"
"542","ScimKQY_322;HRSCAF=551","ch770_000722F_ScXIYn4_259",0,43980,"+",0,43980,"unbroken","ScimKQY_322","single_unbroken"
"543","ScimKQY_323;HRSCAF=552","ch771_000723F_ScXIYn4_201",0,44026,"+",0,44026,"unbroken","ScimKQY_323","single_unbroken"
"544","ScimKQY_324;HRSCAF=553","ch772_000725F_ScXIYn4_196",0,44029,"+",0,44029,"unbroken","ScimKQY_324","single_unbroken"
"545","ScimKQY_325;HRSCAF=554","ch774_000729F_ScXIYn4_351",0,43339,"+",0,43339,"unbroken","ScimKQY_325","single_unbroken"
"546","ScimKQY_326;HRSCAF=555","ch775_000730F_ScXIYn4_86",0,43349,"+",0,43349,"unbroken","ScimKQY_326","single_unbroken"
"547","ScimKQY_327;HRSCAF=556","ch776_000731F_ScXIYn4_208",0,43259,"+",0,43259,"unbroken","ScimKQY_327","single_unbroken"
"548","ScimKQY_328;HRSCAF=557","ch777_000733F_ScXIYn4_236",0,43122,"+",0,43122,"unbroken","ScimKQY_328","single_unbroken"
"549","ScimKQY_329;HRSCAF=558","ch779_000737F_ScXIYn4_462",0,42828,"+",0,42828,"unbroken","ScimKQY_329","single_unbroken"
"550","ScimKQY_330;HRSCAF=559","ch780_000738F_ScXIYn4_228",0,42783,"+",0,42783,"unbroken","ScimKQY_330","single_unbroken"
"551","ScimKQY_331;HRSCAF=560","ch781_000739F_ScXIYn4_272",0,39023,"+",0,39023,"unbroken","ScimKQY_331","single_unbroken"
"552","ScimKQY_332;HRSCAF=561","ch783_000741F_ScXIYn4_496",0,42705,"+",0,42705,"unbroken","ScimKQY_332","single_unbroken"
"553","ScimKQY_333;HRSCAF=562","ch784_000742F_ScXIYn4_138",0,42515,"+",0,42515,"unbroken","ScimKQY_333","single_unbroken"
"554","ScimKQY_334;HRSCAF=563","ch785_000743F_ScXIYn4_399",0,42549,"+",0,42549,"unbroken","ScimKQY_334","single_unbroken"
"555","ScimKQY_335;HRSCAF=564","ch786_000744F_ScXIYn4_419",0,42593,"+",0,42593,"unbroken","ScimKQY_335","single_unbroken"
"556","ScimKQY_336;HRSCAF=565","ch787_000745F_ScXIYn4_456",0,42534,"+",0,42534,"unbroken","ScimKQY_336","single_unbroken"
"557","ScimKQY_337;HRSCAF=566","ch788_000750F_ScXIYn4_216",0,42239,"+",0,42239,"unbroken","ScimKQY_337","single_unbroken"
"558","ScimKQY_338;HRSCAF=567","ch789_000751F_ScXIYn4_48",0,42299,"+",0,42299,"unbroken","ScimKQY_338","single_unbroken"
"559","ScimKQY_339;HRSCAF=568","ch790_000753F_ScXIYn4_587",0,42066,"+",0,42066,"unbroken","ScimKQY_339","single_unbroken"
"560","ScimKQY_340;HRSCAF=569","ch791_000754F_ScXIYn4_475",0,41962,"+",0,41962,"unbroken","ScimKQY_340","single_unbroken"
"561","ScimKQY_341;HRSCAF=570","ch792_000755F_ScXIYn4_72",0,41894,"+",0,41894,"unbroken","ScimKQY_341","single_unbroken"
"562","ScimKQY_342;HRSCAF=571","ch795_000758F_ScXIYn4_210",0,41579,"+",0,41579,"unbroken","ScimKQY_342","single_unbroken"
"563","ScimKQY_343;HRSCAF=572","ch796_000759F_ScXIYn4_194",0,41439,"+",0,41439,"unbroken","ScimKQY_343","single_unbroken"
"564","ScimKQY_344;HRSCAF=573","ch797_000760F_ScXIYn4_551",0,41488,"+",0,41488,"unbroken","ScimKQY_344","single_unbroken"
"565","ScimKQY_345;HRSCAF=574","ch798_000761F_ScXIYn4_168",0,41570,"+",0,41570,"unbroken","ScimKQY_345","single_unbroken"
"566","ScimKQY_346;HRSCAF=575","ch799_000762F_ScXIYn4_270",0,41394,"+",0,41394,"unbroken","ScimKQY_346","single_unbroken"
"567","ScimKQY_347;HRSCAF=576","ch802_000767F_ScXIYn4_516",0,41265,"+",0,41265,"unbroken","ScimKQY_347","single_unbroken"
"568","ScimKQY_348;HRSCAF=577","ch803_000768F_ScXIYn4_546",0,41416,"+",0,41416,"unbroken","ScimKQY_348","single_unbroken"
"569","ScimKQY_349;HRSCAF=578","ch804_000769F_ScXIYn4_57",0,41230,"+",0,41230,"unbroken","ScimKQY_349","single_unbroken"
"570","ScimKQY_350;HRSCAF=579","ch806_000771F_ScXIYn4_589",0,41153,"+",0,41153,"unbroken","ScimKQY_350","single_unbroken"
"571","ScimKQY_351;HRSCAF=580","ch808_000773F_ScXIYn4_528",0,41148,"+",0,41148,"unbroken","ScimKQY_351","single_unbroken"
"572","ScimKQY_352;HRSCAF=581","ch811_000777F_ScXIYn4_437",0,40947,"+",0,40947,"unbroken","ScimKQY_352","single_unbroken"
"573","ScimKQY_353;HRSCAF=582","ch813_000779F_ScXIYn4_489",0,40713,"+",0,40713,"unbroken","ScimKQY_353","single_unbroken"
"574","ScimKQY_354;HRSCAF=583","ch815_000781F_ScXIYn4_269",0,40904,"+",0,40904,"unbroken","ScimKQY_354","single_unbroken"
"575","ScimKQY_355;HRSCAF=584","ch816_000785F_ScXIYn4_363",0,40290,"+",0,40290,"unbroken","ScimKQY_355","single_unbroken"
"576","ScimKQY_356;HRSCAF=585","ch820_000789F_ScXIYn4_548",0,40038,"+",0,40038,"unbroken","ScimKQY_356","single_unbroken"
"577","ScimKQY_357;HRSCAF=586","ch821_000790F_ScXIYn4_177",0,39941,"+",0,39941,"unbroken","ScimKQY_357","single_unbroken"
"578","ScimKQY_358;HRSCAF=587","ch824_000796F_ScXIYn4_83",0,39143,"+",0,39143,"unbroken","ScimKQY_358","single_unbroken"
"579","ScimKQY_359;HRSCAF=588","ch825_000798F_ScXIYn4_392",0,39048,"+",0,39048,"unbroken","ScimKQY_359","single_unbroken"
"580","ScimKQY_360;HRSCAF=589","ch826_000799F_ScXIYn4_141",0,39097,"+",0,39097,"unbroken","ScimKQY_360","single_unbroken"
"581","ScimKQY_361;HRSCAF=590","ch829_000802F_ScXIYn4_255",0,38808,"+",0,38808,"unbroken","ScimKQY_361","single_unbroken"
"582","ScimKQY_362;HRSCAF=591","ch830_000803F_ScXIYn4_557",0,38703,"+",0,38703,"unbroken","ScimKQY_362","single_unbroken"
"583","ScimKQY_363;HRSCAF=592","ch831_000804F_ScXIYn4_13",0,38831,"+",0,38831,"unbroken","ScimKQY_363","single_unbroken"
"584","ScimKQY_364;HRSCAF=593","ch832_000805F_ScXIYn4_97",0,38563,"+",0,38563,"unbroken","ScimKQY_364","single_unbroken"
"585","ScimKQY_365;HRSCAF=594","ch833_000806F_ScXIYn4_397",0,38526,"+",0,38526,"unbroken","ScimKQY_365","single_unbroken"
"586","ScimKQY_366;HRSCAF=595","ch834_000807F_ScXIYn4_372",0,38637,"+",0,38637,"unbroken","ScimKQY_366","single_unbroken"
"587","ScimKQY_367;HRSCAF=596","ch835_000808F_ScXIYn4_33",0,38451,"+",0,38451,"unbroken","ScimKQY_367","single_unbroken"
"588","ScimKQY_368;HRSCAF=597","ch836_000809F_ScXIYn4_401",0,38368,"+",0,38368,"unbroken","ScimKQY_368","single_unbroken"
"589","ScimKQY_369;HRSCAF=598","ch837_000813F_ScXIYn4_301",0,37735,"+",0,37735,"unbroken","ScimKQY_369","single_unbroken"
"590","ScimKQY_370;HRSCAF=599","ch838_000814F_ScXIYn4_447",0,37687,"+",0,37687,"unbroken","ScimKQY_370","single_unbroken"
"591","ScimKQY_371;HRSCAF=600","ch839_000815F_ScXIYn4_311",0,37644,"+",0,37644,"unbroken","ScimKQY_371","single_unbroken"
"592","ScimKQY_372;HRSCAF=601","ch840_000816F_ScXIYn4_484",0,37596,"+",0,37596,"unbroken","ScimKQY_372","single_unbroken"
"593","ScimKQY_373;HRSCAF=602","ch841_000817F_ScXIYn4_32",0,37642,"+",0,37642,"unbroken","ScimKQY_373","single_unbroken"
"594","ScimKQY_374;HRSCAF=603","ch843_000819F_ScXIYn4_294",0,37377,"+",0,37377,"unbroken","ScimKQY_374","single_unbroken"
"595","ScimKQY_375;HRSCAF=604","ch844_000821F_ScXIYn4_556",0,37304,"+",0,37304,"unbroken","ScimKQY_375","single_unbroken"
"596","ScimKQY_376;HRSCAF=605","ch845_000822F_ScXIYn4_5",0,37167,"+",0,37167,"unbroken","ScimKQY_376","single_unbroken"
"597","ScimKQY_377;HRSCAF=606","ch846_000823F_ScXIYn4_491",0,37271,"+",0,37271,"unbroken","ScimKQY_377","single_unbroken"
"598","ScimKQY_378;HRSCAF=607","ch847_000824F_ScXIYn4_463",0,37014,"+",0,37014,"unbroken","ScimKQY_378","single_unbroken"
"599","ScimKQY_379;HRSCAF=608","ch848_000825F_ScXIYn4_344",0,37049,"+",0,37049,"unbroken","ScimKQY_379","single_unbroken"
"600","ScimKQY_380;HRSCAF=609","ch849_000826F_ScXIYn4_65",0,36632,"+",0,36632,"unbroken","ScimKQY_380","single_unbroken"
"601","ScimKQY_381;HRSCAF=610","ch84_000061F_ScXIYn4_129",0,38178,"+",0,38178,"unbroken","ScimKQY_381","single_unbroken"
"602","ScimKQY_382;HRSCAF=611","ch850_000827F_ScXIYn4_53",0,37112,"+",0,37112,"unbroken","ScimKQY_382","single_unbroken"
"603","ScimKQY_383;HRSCAF=612","ch851_000828F_ScXIYn4_432",0,34079,"+",0,34079,"unbroken","ScimKQY_383","single_unbroken"
"604","ScimKQY_384;HRSCAF=613","ch852_000829F_ScXIYn4_494",0,36809,"+",0,36809,"unbroken","ScimKQY_384","single_unbroken"
"605","ScimKQY_385;HRSCAF=614","ch854_000831F_ScXIYn4_105",0,36784,"+",0,36784,"unbroken","ScimKQY_385","single_unbroken"
"606","ScimKQY_386;HRSCAF=615","ch855_000833F_ScXIYn4_121",0,36563,"+",0,36563,"unbroken","ScimKQY_386","single_unbroken"
"607","ScimKQY_387;HRSCAF=616","ch856_000834F_ScXIYn4_172",0,36561,"+",0,36561,"unbroken","ScimKQY_387","single_unbroken"
"608","ScimKQY_388;HRSCAF=617","ch858_000838F_ScXIYn4_352",0,36278,"+",0,36278,"unbroken","ScimKQY_388","single_unbroken"
"609","ScimKQY_389;HRSCAF=618","ch862_000843F_ScXIYn4_276",0,35777,"+",0,35777,"unbroken","ScimKQY_389","single_unbroken"
"610","ScimKQY_390;HRSCAF=619","ch864_000846F_ScXIYn4_393",0,35662,"+",0,35662,"unbroken","ScimKQY_390","single_unbroken"
"611","ScimKQY_391;HRSCAF=620","ch865_000847F_ScXIYn4_54",0,35672,"+",0,35672,"unbroken","ScimKQY_391","single_unbroken"
"612","ScimKQY_392;HRSCAF=621","ch867_000849F_ScXIYn4_12",0,35484,"+",0,35484,"unbroken","ScimKQY_392","single_unbroken"
"613","ScimKQY_393;HRSCAF=622","ch868_000850F_ScXIYn4_385",0,35552,"+",0,35552,"unbroken","ScimKQY_393","single_unbroken"
"614","ScimKQY_394;HRSCAF=623","ch869_000852F_ScXIYn4_585",0,35399,"+",0,35399,"unbroken","ScimKQY_394","single_unbroken"
"615","ScimKQY_395;HRSCAF=624","ch870_000853F_ScXIYn4_21",0,35604,"+",0,35604,"unbroken","ScimKQY_395","single_unbroken"
"616","ScimKQY_396;HRSCAF=625","ch871_000855F_ScXIYn4_513",0,35237,"+",0,35237,"unbroken","ScimKQY_396","single_unbroken"
"617","ScimKQY_397;HRSCAF=626","ch873_000857F_ScXIYn4_500",0,35080,"+",0,35080,"unbroken","ScimKQY_397","single_unbroken"
"618","ScimKQY_398;HRSCAF=627","ch874_000859F_ScXIYn4_347",0,35214,"+",0,35214,"unbroken","ScimKQY_398","single_unbroken"
"619","ScimKQY_399;HRSCAF=628","ch875_000863F_ScXIYn4_288",0,34782,"+",0,34782,"unbroken","ScimKQY_399","single_unbroken"
"620","ScimKQY_400;HRSCAF=629","ch876_000864F_ScXIYn4_356",0,34764,"+",0,34764,"unbroken","ScimKQY_400","single_unbroken"
"621","ScimKQY_401;HRSCAF=630","ch878_000869F_ScXIYn4_444",0,34323,"+",0,34323,"unbroken","ScimKQY_401","single_unbroken"
"622","ScimKQY_402;HRSCAF=631","ch879_000870F_ScXIYn4_355",0,34327,"+",0,34327,"unbroken","ScimKQY_402","single_unbroken"
"623","ScimKQY_403;HRSCAF=632","ch880_000874F_ScXIYn4_572",0,34053,"+",0,34053,"unbroken","ScimKQY_403","single_unbroken"
"624","ScimKQY_404;HRSCAF=633","ch881_000878F_ScXIYn4_370",0,26466,"+",0,26466,"unbroken","ScimKQY_404","single_unbroken"
"625","ScimKQY_405;HRSCAF=634","ch882_000879F_ScXIYn4_410",0,33880,"+",0,33880,"unbroken","ScimKQY_405","single_unbroken"
"626","ScimKQY_406;HRSCAF=635","ch884_000881F_ScXIYn4_162",0,33858,"+",0,33858,"unbroken","ScimKQY_406","single_unbroken"
"627","ScimKQY_407;HRSCAF=636","ch886_000885F_ScXIYn4_332",0,33805,"+",0,33805,"unbroken","ScimKQY_407","single_unbroken"
"628","ScimKQY_408;HRSCAF=637","ch887_000886F_ScXIYn4_380",0,33666,"+",0,33666,"unbroken","ScimKQY_408","single_unbroken"
"629","ScimKQY_409;HRSCAF=638","ch888_000887F_ScXIYn4_185",0,33646,"+",0,33646,"unbroken","ScimKQY_409","single_unbroken"
"630","ScimKQY_410;HRSCAF=639","ch889_000889F_ScXIYn4_165",0,33426,"+",0,33426,"unbroken","ScimKQY_410","single_unbroken"
"631","ScimKQY_411;HRSCAF=640","ch890_000890F_ScXIYn4_411",0,31968,"+",0,31968,"unbroken","ScimKQY_411","single_unbroken"
"632","ScimKQY_412;HRSCAF=641","ch891_000891F_ScXIYn4_505",0,33249,"+",0,33249,"unbroken","ScimKQY_412","single_unbroken"
"633","ScimKQY_413;HRSCAF=642","ch892_000892F_ScXIYn4_466",0,32916,"+",0,32916,"unbroken","ScimKQY_413","single_unbroken"
"634","ScimKQY_414;HRSCAF=643","ch893_000894F_ScXIYn4_291",0,32865,"+",0,32865,"unbroken","ScimKQY_414","single_unbroken"
"635","ScimKQY_415;HRSCAF=644","ch894_000895F_ScXIYn4_521",0,32810,"+",0,32810,"unbroken","ScimKQY_415","single_unbroken"
"636","ScimKQY_416;HRSCAF=645","ch895_000896F_ScXIYn4_501",0,32656,"+",0,32656,"unbroken","ScimKQY_416","single_unbroken"
"637","ScimKQY_417;HRSCAF=646","ch896_000898F_ScXIYn4_120",0,32576,"+",0,32576,"unbroken","ScimKQY_417","single_unbroken"
"638","ScimKQY_418;HRSCAF=647","ch897_000900F_ScXIYn4_108",0,32407,"+",0,32407,"unbroken","ScimKQY_418","single_unbroken"
"639","ScimKQY_419;HRSCAF=648","ch899_000902F_ScXIYn4_78",0,32217,"+",0,32217,"unbroken","ScimKQY_419","single_unbroken"
"640","ScimKQY_420;HRSCAF=649","ch900_000903F_ScXIYn4_420",0,32248,"+",0,32248,"unbroken","ScimKQY_420","single_unbroken"
"641","ScimKQY_421;HRSCAF=650","ch903_000908F_ScXIYn4_536",0,31950,"+",0,31950,"unbroken","ScimKQY_421","single_unbroken"
"642","ScimKQY_422;HRSCAF=651","ch904_000911F_ScXIYn4_488",0,31577,"+",0,31577,"unbroken","ScimKQY_422","single_unbroken"
"643","ScimKQY_423;HRSCAF=652","ch905_000912F_ScXIYn4_442",0,31521,"+",0,31521,"unbroken","ScimKQY_423","single_unbroken"
"644","ScimKQY_424;HRSCAF=653","ch906_000915F_ScXIYn4_328",0,31416,"+",0,31416,"unbroken","ScimKQY_424","single_unbroken"
"645","ScimKQY_425;HRSCAF=654","ch907_000917F_ScXIYn4_136",0,31424,"+",0,31424,"unbroken","ScimKQY_425","single_unbroken"
"646","ScimKQY_426;HRSCAF=655","ch908_000919F_ScXIYn4_11",0,27532,"+",0,27532,"unbroken","ScimKQY_426","single_unbroken"
"647","ScimKQY_427;HRSCAF=657","ch910_000921F_ScXIYn4_98",0,31155,"+",0,31155,"unbroken","ScimKQY_427","single_unbroken"
"648","ScimKQY_428;HRSCAF=658","ch911_000922F_ScXIYn4_77",0,31127,"+",0,31127,"unbroken","ScimKQY_428","single_unbroken"
"649","ScimKQY_429;HRSCAF=659","ch912_000923F_ScXIYn4_92",0,31730,"+",0,31730,"unbroken","ScimKQY_429","single_unbroken"
"650","ScimKQY_430;HRSCAF=660","ch913_000924F_ScXIYn4_583",0,30891,"+",0,30891,"unbroken","ScimKQY_430","single_unbroken"
"651","ScimKQY_431;HRSCAF=661","ch914_000925F_ScXIYn4_219",0,31068,"+",0,31068,"unbroken","ScimKQY_431","single_unbroken"
"652","ScimKQY_432;HRSCAF=662","ch915_000926F_ScXIYn4_169",0,31173,"+",0,31173,"unbroken","ScimKQY_432","single_unbroken"
"653","ScimKQY_433;HRSCAF=663","ch916_000928F_ScXIYn4_158",0,30947,"+",0,30947,"unbroken","ScimKQY_433","single_unbroken"
"654","ScimKQY_434;HRSCAF=664","ch917_000929F_ScXIYn4_408",0,30866,"+",0,30866,"unbroken","ScimKQY_434","single_unbroken"
"655","ScimKQY_435;HRSCAF=665","ch919_000932F_ScXIYn4_435",0,30691,"+",0,30691,"unbroken","ScimKQY_435","single_unbroken"
"656","ScimKQY_436;HRSCAF=666","ch920_000933F_ScXIYn4_321",0,30573,"+",0,30573,"unbroken","ScimKQY_436","single_unbroken"
"657","ScimKQY_437;HRSCAF=667","ch921_000935F_ScXIYn4_140",0,30387,"+",0,30387,"unbroken","ScimKQY_437","single_unbroken"
"658","ScimKQY_438;HRSCAF=668","ch922_000936F_ScXIYn4_213",0,31897,"+",0,31897,"unbroken","ScimKQY_438","single_unbroken"
"659","ScimKQY_439;HRSCAF=669","ch923_000938F_ScXIYn4_574",0,26910,"+",0,26910,"unbroken","ScimKQY_439","single_unbroken"
"660","ScimKQY_440;HRSCAF=670","ch924_000939F_ScXIYn4_499",0,30430,"+",0,30430,"unbroken","ScimKQY_440","single_unbroken"
"661","ScimKQY_441;HRSCAF=671","ch925_000940F_ScXIYn4_218",0,30240,"+",0,30240,"unbroken","ScimKQY_441","single_unbroken"
"662","ScimKQY_442;HRSCAF=672","ch926_000944F_ScXIYn4_134",0,30043,"+",0,30043,"unbroken","ScimKQY_442","single_unbroken"
"663","ScimKQY_443;HRSCAF=673","ch927_000945F_ScXIYn4_476",0,30137,"+",0,30137,"unbroken","ScimKQY_443","single_unbroken"
"664","ScimKQY_444;HRSCAF=674","ch928_000947F_ScXIYn4_188",0,30006,"+",0,30006,"unbroken","ScimKQY_444","single_unbroken"
"665","ScimKQY_445;HRSCAF=675","ch929_000949F_ScXIYn4_110",0,29902,"+",0,29902,"unbroken","ScimKQY_445","single_unbroken"
"666","ScimKQY_446;HRSCAF=676","ch930_000951F_ScXIYn4_440",0,29894,"+",0,29894,"unbroken","ScimKQY_446","single_unbroken"
"667","ScimKQY_447;HRSCAF=677","ch931_000952F_ScXIYn4_527",0,29788,"+",0,29788,"unbroken","ScimKQY_447","single_unbroken"
"668","ScimKQY_448;HRSCAF=678","ch932_000954F_ScXIYn4_179",0,29616,"+",0,29616,"unbroken","ScimKQY_448","single_unbroken"
"669","ScimKQY_449;HRSCAF=679","ch934_000956F_ScXIYn4_509",0,29411,"+",0,29411,"unbroken","ScimKQY_449","single_unbroken"
"670","ScimKQY_450;HRSCAF=680","ch935_000957F_ScXIYn4_382",0,29180,"+",0,29180,"unbroken","ScimKQY_450","single_unbroken"
"671","ScimKQY_451;HRSCAF=681","ch936_000958F_ScXIYn4_274",0,29299,"+",0,29299,"unbroken","ScimKQY_451","single_unbroken"
"672","ScimKQY_452;HRSCAF=682","ch937_000961F_ScXIYn4_130",0,29106,"+",0,29106,"unbroken","ScimKQY_452","single_unbroken"
"673","ScimKQY_453;HRSCAF=683","ch938_000962F_ScXIYn4_470",0,29090,"+",0,29090,"unbroken","ScimKQY_453","single_unbroken"
"674","ScimKQY_454;HRSCAF=684","ch939_000963F_ScXIYn4_287",0,29109,"+",0,29109,"unbroken","ScimKQY_454","single_unbroken"
"675","ScimKQY_455;HRSCAF=685","ch940_000964F_ScXIYn4_473",0,29016,"+",0,29016,"unbroken","ScimKQY_455","single_unbroken"
"676","ScimKQY_456;HRSCAF=686","ch941_000965F_ScXIYn4_217",0,29858,"+",0,29858,"unbroken","ScimKQY_456","single_unbroken"
"677","ScimKQY_457;HRSCAF=687","ch942_000966F_ScXIYn4_508",0,28759,"+",0,28759,"unbroken","ScimKQY_457","single_unbroken"
"678","ScimKQY_458;HRSCAF=688","ch943_000967F_ScXIYn4_149",0,28813,"+",0,28813,"unbroken","ScimKQY_458","single_unbroken"
"679","ScimKQY_459;HRSCAF=689","ch944_000969F_ScXIYn4_383",0,28786,"+",0,28786,"unbroken","ScimKQY_459","single_unbroken"
"680","ScimKQY_460;HRSCAF=690","ch946_000972F_ScXIYn4_96",0,28498,"+",0,28498,"unbroken","ScimKQY_460","single_unbroken"
"681","ScimKQY_461;HRSCAF=691","ch947_000973F_ScXIYn4_418",0,28582,"+",0,28582,"unbroken","ScimKQY_461","single_unbroken"
"682","ScimKQY_462;HRSCAF=692","ch948_000974F_ScXIYn4_221",0,28290,"+",0,28290,"unbroken","ScimKQY_462","single_unbroken"
"683","ScimKQY_463;HRSCAF=693","ch949_000975F_ScXIYn4_416",0,28364,"+",0,28364,"unbroken","ScimKQY_463","single_unbroken"
"684","ScimKQY_464;HRSCAF=694","ch950_000976F_ScXIYn4_538",0,28237,"+",0,28237,"unbroken","ScimKQY_464","single_unbroken"
"685","ScimKQY_465;HRSCAF=695","ch951_000977F_ScXIYn4_183",0,28320,"+",0,28320,"unbroken","ScimKQY_465","single_unbroken"
"686","ScimKQY_466;HRSCAF=696","ch952_000979F_ScXIYn4_9",0,28217,"+",0,28217,"unbroken","ScimKQY_466","single_unbroken"
"687","ScimKQY_467;HRSCAF=697","ch953_000981F_ScXIYn4_238",0,28098,"+",0,28098,"unbroken","ScimKQY_467","single_unbroken"
"688","ScimKQY_468;HRSCAF=698","ch954_000982F_ScXIYn4_132",0,27960,"+",0,27960,"unbroken","ScimKQY_468","single_unbroken"
"689","ScimKQY_469;HRSCAF=699","ch955_000983F_ScXIYn4_25",0,28245,"+",0,28245,"unbroken","ScimKQY_469","single_unbroken"
"690","ScimKQY_470;HRSCAF=700","ch956_000986F_ScXIYn4_241",0,27762,"+",0,27762,"unbroken","ScimKQY_470","single_unbroken"
"691","ScimKQY_471;HRSCAF=701","ch958_000989F_ScXIYn4_510",0,27700,"+",0,27700,"unbroken","ScimKQY_471","single_unbroken"
"692","ScimKQY_472;HRSCAF=702","ch959_000990F_ScXIYn4_560",0,27659,"+",0,27659,"unbroken","ScimKQY_472","single_unbroken"
"693","ScimKQY_473;HRSCAF=703","ch960_000994F_ScXIYn4_104",0,27536,"+",0,27536,"unbroken","ScimKQY_473","single_unbroken"
"694","ScimKQY_474;HRSCAF=704","ch961_000995F_ScXIYn4_229",0,27751,"+",0,27751,"unbroken","ScimKQY_474","single_unbroken"
"695","ScimKQY_475;HRSCAF=705","ch962_001000F_ScXIYn4_63",0,27062,"+",0,27062,"unbroken","ScimKQY_475","single_unbroken"
"696","ScimKQY_476;HRSCAF=706","ch963_001001F_ScXIYn4_545",0,27110,"+",0,27110,"unbroken","ScimKQY_476","single_unbroken"
"697","ScimKQY_477;HRSCAF=707","ch965_001003F_ScXIYn4_562",0,26887,"+",0,26887,"unbroken","ScimKQY_477","single_unbroken"
"698","ScimKQY_478;HRSCAF=708","ch966_001006F_ScXIYn4_492",0,26938,"+",0,26938,"unbroken","ScimKQY_478","single_unbroken"
"699","ScimKQY_479;HRSCAF=709","ch967_001007F_ScXIYn4_1",0,26904,"+",0,26904,"unbroken","ScimKQY_479","single_unbroken"
"700","ScimKQY_480;HRSCAF=710","ch968_001008F_ScXIYn4_55",0,26909,"+",0,26909,"unbroken","ScimKQY_480","single_unbroken"
"701","ScimKQY_481;HRSCAF=711","ch96_000070F_ScXIYn4_457",0,22012,"+",0,22012,"unbroken","ScimKQY_481","single_unbroken"
"702","ScimKQY_482;HRSCAF=712","ch970_001010F_ScXIYn4_394",0,26738,"+",0,26738,"unbroken","ScimKQY_482","single_unbroken"
"703","ScimKQY_483;HRSCAF=713","ch971_001011F_ScXIYn4_559",0,26812,"+",0,26812,"unbroken","ScimKQY_483","single_unbroken"
"704","ScimKQY_484;HRSCAF=714","ch972_001012F_ScXIYn4_455",0,26766,"+",0,26766,"unbroken","ScimKQY_484","single_unbroken"
"705","ScimKQY_485;HRSCAF=715","ch973_001014F_ScXIYn4_539",0,26613,"+",0,26613,"unbroken","ScimKQY_485","single_unbroken"
"706","ScimKQY_486;HRSCAF=716","ch974_001015F_ScXIYn4_207",0,26523,"+",0,26523,"unbroken","ScimKQY_486","single_unbroken"
"707","ScimKQY_487;HRSCAF=717","ch975_001018F_ScXIYn4_405",0,26591,"+",0,26591,"unbroken","ScimKQY_487","single_unbroken"
"708","ScimKQY_488;HRSCAF=718","ch977_001020F_ScXIYn4_561",0,26514,"+",0,26514,"unbroken","ScimKQY_488","single_unbroken"
"709","ScimKQY_489;HRSCAF=719","ch978_001021F_ScXIYn4_173",0,26454,"+",0,26454,"unbroken","ScimKQY_489","single_unbroken"
"710","ScimKQY_490;HRSCAF=720","ch979_001023F_ScXIYn4_133",0,26446,"+",0,26446,"unbroken","ScimKQY_490","single_unbroken"
"711","ScimKQY_491;HRSCAF=721","ch980_001025F_ScXIYn4_264",0,26390,"+",0,26390,"unbroken","ScimKQY_491","single_unbroken"
"712","ScimKQY_492;HRSCAF=722","ch981_001026F_ScXIYn4_237",0,26442,"+",0,26442,"unbroken","ScimKQY_492","single_unbroken"
"713","ScimKQY_493;HRSCAF=723","ch982_001028F_ScXIYn4_400",0,26230,"+",0,26230,"unbroken","ScimKQY_493","single_unbroken"
"714","ScimKQY_494;HRSCAF=724","ch983_001030F_ScXIYn4_246",0,26034,"+",0,26034,"unbroken","ScimKQY_494","single_unbroken"
"715","ScimKQY_495;HRSCAF=725","ch984_001031F_ScXIYn4_69",0,26065,"+",0,26065,"unbroken","ScimKQY_495","single_unbroken"
"716","ScimKQY_496;HRSCAF=726","ch986_001035F_ScXIYn4_267",0,25988,"+",0,25988,"unbroken","ScimKQY_496","single_unbroken"
"717","ScimKQY_497;HRSCAF=727","ch987_001037F_ScXIYn4_174",0,25892,"+",0,25892,"unbroken","ScimKQY_497","single_unbroken"
"718","ScimKQY_498;HRSCAF=728","ch989_001039F_ScXIYn4_460",0,24067,"+",0,24067,"unbroken","ScimKQY_498","single_unbroken"
"719","ScimKQY_499;HRSCAF=729","ch990_001040F_ScXIYn4_338",0,25576,"+",0,25576,"unbroken","ScimKQY_499","single_unbroken"
"720","ScimKQY_500;HRSCAF=730","ch991_001042F_ScXIYn4_75",0,25591,"+",0,25591,"unbroken","ScimKQY_500","single_unbroken"
"721","ScimKQY_501;HRSCAF=731","ch993_001044F_ScXIYn4_273",0,25536,"+",0,25536,"unbroken","ScimKQY_501","single_unbroken"
"722","ScimKQY_502;HRSCAF=732","ch994_001047F_ScXIYn4_570",0,25401,"+",0,25401,"unbroken","ScimKQY_502","single_unbroken"
"723","ScimKQY_503;HRSCAF=733","ch995_001048F_ScXIYn4_107",0,25378,"+",0,25378,"unbroken","ScimKQY_503","single_unbroken"
"724","ScimKQY_504;HRSCAF=734","ch996_001051F_ScXIYn4_349",0,25216,"+",0,25216,"unbroken","ScimKQY_504","single_unbroken"
"725","ScimKQY_505;HRSCAF=735","ch997_001052F_ScXIYn4_7",0,25168,"+",0,25168,"unbroken","ScimKQY_505","single_unbroken"
"726","ScimKQY_506;HRSCAF=736","ch998_001053F_ScXIYn4_314",0,25092,"+",0,25092,"unbroken","ScimKQY_506","single_unbroken"
"727","ScimKQY_507;HRSCAF=737","ch999_001054F_ScXIYn4_20",0,24937,"+",0,24937,"unbroken","ScimKQY_507","single_unbroken"
"728","ScimKQY_508;HRSCAF=740","ch3122_000124F_ScXIYn4_658",6389183,54022504,"+",0,47633321,"broken","ScimKQY_508","single_broken"
"729","ScimKQY_509;HRSCAF=741","ch371_000292F_ScXIYn4_125",0,597866,"+",0,597866,"unbroken","ScimKQY_509","joined_both"
"730","ScimKQY_509;HRSCAF=741","ch199_000147F_ScXIYn4_204",0,5038509,"+",597966,5636475,"unbroken","ScimKQY_509","joined_both"
"731","ScimKQY_509;HRSCAF=741","ch190_000139F_ScXIYn4_668",0,5686453,"+",5636575,11323028,"unbroken","ScimKQY_509","joined_both"
"732","ScimKQY_509;HRSCAF=741","ch126_000093F_ScXIYn4_667",0,9906912,"+",11323128,21230040,"unbroken","ScimKQY_509","joined_both"
"733","ScimKQY_509;HRSCAF=741","ch2127_000185F_ScXIYn4_666",0,2844847,"+",21230140,24074987,"unbroken","ScimKQY_509","joined_both"
"734","ScimKQY_509;HRSCAF=741","ch641_000573F_ScXIYn4_156",0,60740,"-",24075087,24135827,"unbroken","ScimKQY_509","joined_both"
"735","ScimKQY_509;HRSCAF=741","ch2007_000037F_ScXIYn4_123",0,21546274,"+",24135927,45682201,"broken","ScimKQY_509","joined_both"
"736","ScimKQY_509;HRSCAF=741","ch2007_000037F_ScXIYn4_123",21546274,26910504,"+",45683201,51047431,"broken","ScimKQY_509","joined_both"
"737","ScimKQY_509;HRSCAF=741","ch304_000239F_ScXIYn4_660",0,1499981,"+",51047531,52547512,"unbroken","ScimKQY_509","joined_both"
"738","ScimKQY_509;HRSCAF=741","ch303_000237F_ScXIYn4_486",0,1595930,"-",52547612,54143542,"unbroken","ScimKQY_509","joined_both"
"739","ScimKQY_509;HRSCAF=741","ch3014_000015F_ScXIYn4_192",0,34296472,"+",54143642,88440114,"unbroken","ScimKQY_509","joined_both"
"740","ScimKQY_509;HRSCAF=741","ch2162_000134F_ScXIYn4_720",0,30835350,"-",88440214,119275564,"unbroken","ScimKQY_509","joined_both"
"741","ScimKQY_509;HRSCAF=741","ch3063_000120F_ScXIYn4_448",0,29462442,"-",119275664,148738106,"unbroken","ScimKQY_509","joined_both"
"742","ScimKQY_509;HRSCAF=741","ch3019_000509F_ScXIYn4_225",0,39401921,"+",148738206,188140127,"unbroken","ScimKQY_509","joined_both"
"743","ScimKQY_509;HRSCAF=741","ch3124_000290F_ScXIYn4_673",0,623924,"+",188140227,188764151,"unbroken","ScimKQY_509","joined_both"
